,id,player_id,slate_id,name,salary,site_pos,team,fantasy_points,game,slate_game_id,ownership,proj
0,15238,50456-63115,8,Lamar Jackson,9600,QB,BAL,26.02,BAL_WAS,4718,4.00,25.80
1,40482,49893-63115,83,Lamar Jackson,9500,QB,BAL,17.56,BAL_HOU,808,,27.40
2,1560,49877-63115,2,Lamar Jackson,9500,QB,BAL,17.56,BAL_HOU,4744,13.20,27.40
3,847,47691-63115,1,Lamar Jackson,9400,QB,BAL,27.50,CLE_BAL,4751,14.30,25.50
4,49763,52696-57439,107,Patrick Mahomes,9400,QB,KC,20.22,ATL_KC,4586,22.70,25.00
5,14132,41710-63115,25,Lamar Jackson,9300,QB,BAL,29.82,BAL_CLE,4957,0.00,26.80
6,42179,51435-57439,93,Patrick Mahomes,9300,QB,KC,30.88,CAR_KC,859,3.30,24.50
7,30683,51377-57439,73,Patrick Mahomes,9300,QB,KC,30.88,CAR_KC,4667,,24.50
8,8461,38746-57439,12,Patrick Mahomes,9200,QB,KC,18.00,KC_DET,5086,10.80,24.60
9,5333,38547-57439,7,Patrick Mahomes,9200,QB,KC,27.86,BAL_KC,5099,8.30,23.60
10,42656,51273-57439,94,Patrick Mahomes,9200,QB,KC,36.64,NYJ_KC,866,25.40,25.40
11,29595,51232-57439,71,Patrick Mahomes,9200,QB,KC,36.64,NYJ_KC,4672,25.40,25.40
12,9476,39142-57439,14,Patrick Mahomes,9200,QB,KC,19.82,HOU_KC,5064,8.70,24.00
13,47337,52276-6894,103,Aaron Rodgers,9100,QB,GB,30.90,GB_DET,4605,22.90,22.90
14,44579,51892-63484,98,Kyler Murray,9100,QB,ARI,8.90,ARI_NE,4637,24.25,24.40
15,45712,ad8468d1-ab69-4388-98c3-c95c98bdd2b3,100,Kyler Murray,9100,QB,ARI,8.90,ARI_NE,919,24.25,24.40
16,35879,51732-6894,90,Aaron Rodgers,9000,QB,GB,22.74,GB_IND,4643,20.15,18.70
17,51655,53152-62239,110,Josh Allen,9000,QB,BUF,32.36,IND_BUF,1066,,25.10
18,24669,50946-63115,67,Lamar Jackson,9000,QB,BAL,28.24,BAL_PHI,4701,,21.70
19,13048,41210-63115,24,Lamar Jackson,9000,QB,BAL,20.80,BAL_BUF,4979,5.90,23.90
20,50374,52913-63115,108,Lamar Jackson,9000,QB,BAL,25.22,BAL_CIN,4574,,25.00
21,15898,50700-57439,26,Patrick Mahomes,9000,QB,KC,30.70,LV_KC,4708,12.70,26.30
22,28461,51091-57439,69,Patrick Mahomes,9000,QB,KC,12.00,KC_DEN,4685,23.05,23.50
23,44580,51892-57439,98,Patrick Mahomes,9000,QB,KC,31.28,KC_TB,4631,24.51,24.20
24,43550,50816-57439,96,Patrick Mahomes,9000,QB,KC,30.70,LV_KC,882,26.40,26.30
25,40483,49893-57439,83,Patrick Mahomes,9000,QB,KC,27.48,KC_LAC,807,,20.90
26,1561,49877-57439,2,Patrick Mahomes,9000,QB,KC,27.48,KC_LAC,4747,5.60,20.90
27,7821,38387-57439,11,Patrick Mahomes,9000,QB,KC,31.62,KC_OAK,5119,24.42,22.00
28,42181,51435-22015,93,Russell Wilson,9000,QB,SEA,24.10,SEA_BUF,862,6.70,23.50
29,30685,51377-22015,73,Russell Wilson,9000,QB,SEA,24.10,SEA_BUF,4661,,23.50
30,46174,52101-22015,101,Russell Wilson,9000,QB,SEA,16.02,NYG_SEA,4625,22.17,22.10
31,47339,52276-22015,103,Russell Wilson,9000,QB,SEA,23.14,NYJ_SEA,4611,24.30,24.30
32,15239,50456-22015,8,Russell Wilson,9000,QB,SEA,21.90,SEA_MIA,4723,12.40,26.20
33,43551,50816-63115,96,Lamar Jackson,8900,QB,BAL,14.50,CIN_BAL,884,26.10,25.80
34,15900,50700-63115,26,Lamar Jackson,8900,QB,BAL,14.50,CIN_BAL,4704,11.60,25.80
35,48651,52491-57439,105,Patrick Mahomes,8900,QB,KC,25.86,KC_NO,4596,12.60,22.90
36,47340,52276-57439,103,Patrick Mahomes,8900,QB,KC,21.62,KC_MIA,4613,23.30,22.50
37,33105,51566-22015,80,Russell Wilson,8900,QB,SEA,11.92,SEA_LAR,4651,,22.40
38,28465,51091-62239,69,Josh Allen,8800,QB,BUF,16.38,BUF_NYJ,4682,24.84,23.80
39,51842,53389-62239,111,Josh Allen,8800,QB,BUF,12.54,BAL_BUF,4564,17.50,23.30
40,43136,51126-62239,95,Josh Allen,8800,QB,BUF,16.38,BUF_NYJ,874,24.84,23.80
41,33107,51566-63484,80,Kyler Murray,8800,QB,ARI,30.90,BUF_ARI,4654,,27.30
42,49767,52696-63115,107,Lamar Jackson,8800,QB,BAL,21.32,NYG_BAL,4582,9.00,22.30
43,11671,40387-63115,19,Lamar Jackson,8800,QB,BAL,33.48,HOU_BAL,5012,12.30,25.10
44,52394,62415-57439,114,Patrick Mahomes,8800,QB,KC,33.28,CLE_KC,5421,0.00,24.60
45,40294,50717-31716,84,Dak Prescott,8700,QB,DAL,13.94,NYG_DAL,810,26.10,26.10
46,15902,50700-31716,26,Dak Prescott,8700,QB,DAL,13.94,NYG_DAL,4705,15.60,26.10
47,50378,52913-54879,108,Deshaun Watson,8700,QB,HOU,26.80,TEN_HOU,4577,,22.14
48,33108,51566-62239,80,Josh Allen,8700,QB,BUF,28.86,BUF_ARI,4654,,24.20
49,46176,52101-63484,101,Kyler Murray,8700,QB,ARI,17.42,LAR_ARI,4623,21.38,21.10
50,54845,63955-63484,118,Kyler Murray,8700,QB,ARI,35.10,MIN_ARI,5584,0.00,24.60
51,12586,40932-63115,20,Lamar Jackson,8700,QB,BAL,22.30,SF_BAL,4992,5.30,22.70
52,7113,37435-57439,10,Patrick Mahomes,8700,QB,KC,27.32,KC_JAC,5125,0.17,21.80
53,29599,51232-22015,71,Russell Wilson,8700,QB,SEA,28.74,SF_SEA,4679,23.50,23.50
54,39943,c500a301-241a-4718-abb8-b73f58284d5e,85,Russell Wilson,8700,QB,SEA,28.74,SF_SEA,813,24.01,23.50
55,4038,50179-22015,5,Russell Wilson,8700,QB,SEA,36.80,DAL_SEA,4736,23.30,23.30
56,40658,75afdf8f-ae62-40d3-b32f-3566a5f1c6d7,86,Deshaun Watson,8600,QB,HOU,31.72,HOU_NO,816,,22.30
57,15245,50456-62239,8,Josh Allen,8600,QB,BUF,25.42,BUF_LV,4717,11.10,25.30
58,44583,51892-62239,98,Josh Allen,8600,QB,BUF,16.48,LAC_BUF,4627,24.70,24.80
59,45713,3e1ea7a8-174b-4ad9-aac7-af3e0e5e725c,100,Josh Allen,8600,QB,BUF,16.48,LAC_BUF,924,24.70,24.80
60,39775,6197c413-243e-40de-81fa-3660c79ec8b8,89,Kyler Murray,8600,QB,ARI,37.92,MIA_ARI,826,9.10,23.40
61,30688,51377-63484,73,Kyler Murray,8600,QB,ARI,37.92,MIA_ARI,4663,,23.40
62,11264,40116-63115,18,Lamar Jackson,8600,QB,BAL,33.42,BAL_CIN,5022,14.10,26.50
63,14604,41992-57439,21,Patrick Mahomes,8600,QB,KC,12.06,LAC_KC,4948,0.00,20.60
64,12587,40932-57439,20,Patrick Mahomes,8600,QB,KC,19.50,OAK_KC,4990,12.10,23.00
65,41018,a91cd70e-fa26-45fd-b5df-dd8ac6376c79,88,Patrick Mahomes,8600,QB,KC,19.50,OAK_KC,822,,22.80
66,10849,39835-22015,17,Russell Wilson,8600,QB,SEA,39.22,TB_SEA,5035,10.10,23.70
67,10357,39577-22015,16,Russell Wilson,8600,QB,SEA,15.68,SEA_ATL,5046,15.70,24.20
68,46178,52101-6894,101,Aaron Rodgers,8500,QB,GB,23.50,PHI_GB,4626,20.66,22.00
69,50380,52913-6894,108,Aaron Rodgers,8500,QB,GB,26.00,GB_CHI,4578,,20.70
70,4041,50179-31716,5,Dak Prescott,8500,QB,DAL,29.48,DAL_SEA,4736,22.90,22.90
71,7824,38387-54879,11,Deshaun Watson,8500,QB,HOU,12.86,JAC_HOU,5115,22.04,20.80
72,49769,52696-54879,107,Deshaun Watson,8500,QB,HOU,26.76,CIN_HOU,4591,10.70,22.60
73,12126,40664-6504,22,Drew Brees,8500,QB,NO,23.44,CAR_NO,5000,7.10,20.00
74,35880,51732-69189,90,Justin Herbert,8500,QB,LAC,27.74,NYJ_LAC,4648,22.23,22.50
75,55675,64897-63484,119,Kyler Murray,8500,QB,ARI,13.66,SF_ARI,5755,0.00,23.60
76,5338,38547-63115,7,Lamar Jackson,8500,QB,BAL,21.28,BAL_KC,5099,9.30,21.90
77,54847,63955-22015,118,Russell Wilson,8500,QB,SEA,23.32,TEN_SEA,5587,0.00,23.40
78,9897,39367-22015,15,Russell Wilson,8500,QB,SEA,15.34,BAL_SEA,5060,5.30,23.00
79,42660,51273-6894,94,Aaron Rodgers,8400,QB,GB,22.54,MIN_GB,867,21.50,19.90
80,29602,51232-6894,71,Aaron Rodgers,8400,QB,GB,22.54,MIN_GB,4677,21.50,21.50
81,33111,51566-6894,80,Aaron Rodgers,8400,QB,GB,26.40,JAC_GB,4655,,21.30
82,24673,50946-6894,67,Aaron Rodgers,8400,QB,GB,5.80,GB_TB,4693,,20.30
83,51846,53389-6894,111,Aaron Rodgers,8400,QB,GB,25.54,LAR_GB,4563,9.80,18.60
84,13052,41210-6894,24,Aaron Rodgers,8400,QB,GB,11.40,WAS_GB,4973,3.20,20.30
85,5339,38547-31716,7,Dak Prescott,8400,QB,DAL,23.54,MIA_DAL,5096,9.70,22.50
86,10360,39577-54879,16,Deshaun Watson,8400,QB,HOU,27.76,OAK_HOU,5039,16.30,24.60
87,9480,39142-54879,14,Deshaun Watson,8400,QB,HOU,31.40,HOU_KC,5064,6.70,22.70
88,14606,41992-6504,21,Drew Brees,8400,QB,NO,22.02,NO_CAR,4943,0.00,19.60
89,13597,41460-54604,23,Jimmy Garoppolo,8400,QB,SF,12.60,ATL_SF,4971,2.40,19.20
90,44586,51892-69189,98,Justin Herbert,8400,QB,LAC,17.44,LAC_BUF,4627,20.27,21.00
91,45716,f5f331a8-1346-43be-8133-304ce13d7764,100,Justin Herbert,8400,QB,LAC,17.44,LAC_BUF,924,20.27,21.00
92,52400,62415-63484,114,Kyler Murray,8400,QB,ARI,34.56,ARI_TEN,5413,0.00,23.40
93,4042,50179-63484,5,Kyler Murray,8400,QB,ARI,24.70,DET_ARI,4734,26.70,26.70
94,15246,50456-63484,8,Kyler Murray,8400,QB,ARI,23.12,ARI_CAR,4719,6.80,24.80
95,9898,39367-63115,15,Lamar Jackson,8400,QB,BAL,23.32,BAL_SEA,5060,6.40,23.30
96,35881,51732-63115,90,Lamar Jackson,8400,QB,BAL,17.54,TEN_BAL,4639,24.57,23.10
97,41751,51754-63115,92,Lamar Jackson,8400,QB,BAL,17.54,TEN_BAL,855,24.57,23.10
98,13051,41210-57439,24,Patrick Mahomes,8400,QB,KC,14.92,KC_NE,4985,3.40,19.50
99,11266,40116-57439,18,Patrick Mahomes,8400,QB,KC,29.84,KC_TEN,5020,6.80,20.80
100,850,47691-22015,1,Russell Wilson,8400,QB,SEA,31.78,SEA_ATL,4757,8.50,19.50
101,48655,52491-22015,105,Russell Wilson,8400,QB,SEA,13.04,SEA_WAS,4599,2.40,21.30
102,50381,52913-6498,108,Tom Brady,8400,QB,TB,31.26,ATL_TB,4570,,21.10
103,55676,64897-6498,119,Tom Brady,8400,QB,TB,37.74,MIA_TB,5748,0.00,22.20
104,14609,41992-6894,21,Aaron Rodgers,8300,QB,GB,20.02,GB_DET,4945,0.00,19.30
105,1568,49877-31716,2,Dak Prescott,8300,QB,DAL,39.80,ATL_DAL,4746,15.10,21.40
106,43979,49892-31716,97,Dak Prescott,8300,QB,DAL,39.80,ATL_DAL,894,17.60,21.40
107,33113,51566-54879,80,Deshaun Watson,8300,QB,HOU,14.12,HOU_CLE,4653,,19.40
108,30690,51377-54879,73,Deshaun Watson,8300,QB,HOU,24.24,HOU_JAC,4668,,23.30
109,42184,51435-54879,93,Deshaun Watson,8300,QB,HOU,24.24,HOU_JAC,860,5.10,23.30
110,9899,39367-54879,15,Deshaun Watson,8300,QB,HOU,17.52,HOU_IND,5052,3.30,22.70
111,11268,40116-6504,18,Drew Brees,8300,QB,NO,11.48,ATL_NO,5025,8.10,22.40
112,40660,2a480070-b8bb-41f4-b55a-658b0837f0e6,86,Drew Brees,8300,QB,NO,21.80,HOU_NO,816,,21.40
113,11675,40387-6504,19,Drew Brees,8300,QB,NO,21.12,NO_TB,5010,6.40,19.40
114,47344,52276-69189,103,Justin Herbert,8300,QB,LAC,16.72,ATL_LAC,4608,20.70,20.70
115,15904,50700-63484,26,Kyler Murray,8300,QB,ARI,27.30,ARI_NYJ,4712,6.70,24.50
116,43554,50816-63484,96,Kyler Murray,8300,QB,ARI,27.30,ARI_NYJ,881,24.50,24.50
117,8466,38746-63115,12,Lamar Jackson,8300,QB,BAL,26.48,CLE_BAL,5085,6.20,23.80
118,8968,38945-63115,13,Lamar Jackson,8300,QB,BAL,14.44,BAL_PIT,5074,5.10,22.00
119,42661,51273-63115,94,Lamar Jackson,8300,QB,BAL,16.82,PIT_BAL,864,20.50,20.40
120,29603,51232-63115,71,Lamar Jackson,8300,QB,BAL,16.82,PIT_BAL,4680,20.50,20.50
121,13599,41460-57439,23,Patrick Mahomes,8300,QB,KC,23.70,DEN_KC,4963,7.80,20.30
122,14137,41710-22015,25,Russell Wilson,8300,QB,SEA,10.96,ARI_SEA,4949,0.00,23.00
123,8972,38945-31716,13,Dak Prescott,8200,QB,DAL,26.22,GB_DAL,5083,1.30,19.70
124,15248,50456-31716,8,Dak Prescott,8200,QB,DAL,38.28,CLE_DAL,4716,14.70,25.20
125,5342,38547-54879,7,Deshaun Watson,8200,QB,HOU,25.84,HOU_LAC,5106,3.80,21.00
126,8468,38746-54879,12,Deshaun Watson,8200,QB,HOU,11.60,CAR_HOU,5084,4.80,21.00
127,24674,50946-54879,67,Deshaun Watson,8200,QB,HOU,32.00,HOU_TEN,4694,,22.10
128,46182,52101-54879,101,Deshaun Watson,8200,QB,HOU,20.44,IND_HOU,4620,21.49,21.10
129,13602,41460-54879,23,Deshaun Watson,8200,QB,HOU,18.92,HOU_TEN,4962,7.10,20.90
130,11676,40387-54879,19,Deshaun Watson,8200,QB,HOU,4.96,HOU_BAL,5012,4.40,21.50
131,14138,41710-6504,25,Drew Brees,8200,QB,NO,22.86,NO_TEN,4958,0.00,19.10
132,49771,52696-69531,107,Jalen Hurts,8200,QB,PHI,20.58,PHI_DAL,4588,14.80,22.90
133,13601,41460-24849,23,Jameis Winston,8200,QB,TB,33.72,TB_DET,4966,4.30,20.50
134,29605,51232-62239,71,Josh Allen,8200,QB,BUF,13.46,NE_BUF,4675,20.40,20.40
135,43980,49892-62239,97,Josh Allen,8200,QB,BUF,34.50,BUF_MIA,891,28.20,20.70
136,1569,49877-62239,2,Josh Allen,8200,QB,BUF,34.48,BUF_MIA,4742,4.90,20.70
137,42663,51273-62239,94,Josh Allen,8200,QB,BUF,13.46,NE_BUF,871,20.40,20.00
138,42185,51435-62239,93,Josh Allen,8200,QB,BUF,36.00,SEA_BUF,862,6.50,22.90
139,30692,51377-62239,73,Josh Allen,8200,QB,BUF,36.00,SEA_BUF,4661,,22.90
140,50385,52913-62239,108,Josh Allen,8200,QB,BUF,20.26,MIA_BUF,4567,,19.90
141,49770,52696-69189,107,Justin Herbert,8200,QB,LAC,16.72,DEN_LAC,4584,6.20,20.90
142,13056,41210-22038,24,Kirk Cousins,8200,QB,MIN,13.58,DET_MIN,4977,3.70,18.80
143,9481,39142-63115,14,Lamar Jackson,8200,QB,BAL,30.64,CIN_BAL,5066,13.00,23.80
144,48658,52491-63115,105,Lamar Jackson,8200,QB,BAL,30.22,JAC_BAL,4602,17.90,22.80
145,7828,38387-63115,11,Lamar Jackson,8200,QB,BAL,30.88,ARI_BAL,5111,21.67,21.80
146,12131,40664-22015,22,Russell Wilson,8200,QB,SEA,10.50,SEA_PHI,5007,8.90,21.00
147,7116,37435-22015,10,Russell Wilson,8200,QB,SEA,16.60,CIN_SEA,5129,0.02,19.40
148,50386,52913-21948,108,Ryan Tannehill,8200,QB,TEN,28.44,TEN_HOU,4577,,22.40
149,54849,63955-6498,118,Tom Brady,8200,QB,TB,29.64,ATL_TB,5585,0.00,22.90
150,28472,51091-6894,69,Aaron Rodgers,8100,QB,GB,27.32,GB_HOU,4684,22.71,21.70
151,10855,39835-6894,17,Aaron Rodgers,8100,QB,GB,12.94,GB_LAC,5037,5.70,19.50
152,43141,51126-6894,95,Aaron Rodgers,8100,QB,GB,27.32,GB_HOU,876,22.71,21.70
153,12592,40932-6894,20,Aaron Rodgers,8100,QB,GB,28.12,GB_NYG,4987,4.90,18.90
154,11679,40387-31716,19,Dak Prescott,8100,QB,DAL,31.56,DAL_DET,5008,5.70,21.40
155,12133,40664-31716,22,Dak Prescott,8100,QB,DAL,7.88,DAL_NE,5006,1.40,17.80
156,55679,64897-31716,119,Dak Prescott,8100,QB,DAL,21.68,NYG_DAL,5744,0.00,22.50
157,48659,52491-54879,105,Deshaun Watson,8100,QB,HOU,23.42,HOU_IND,4597,4.40,20.10
158,40114,4887b9e9-1dc0-4a9c-90ef-44234a8b251c,82,Drew Brees,8100,QB,NO,14.40,TB_NO,804,20.07,19.60
159,854,47691-6504,1,Drew Brees,8100,QB,NO,14.40,TB_NO,4761,5.20,19.60
160,55680,64897-69531,119,Jalen Hurts,8100,QB,PHI,23.92,PHI_CAR,5749,0.00,20.40
161,14611,41992-24849,21,Jameis Winston,8100,QB,TB,16.54,ATL_TB,4938,0.00,20.00
162,11271,40116-38435,18,Jared Goff,8100,QB,LAR,5.72,LAR_PIT,5028,0.80,16.90
163,54850,63955-62239,118,Josh Allen,8100,QB,BUF,17.66,BUF_MIA,5576,0.00,23.50
164,4045,50179-62239,5,Josh Allen,8100,QB,BUF,32.24,LAR_BUF,4735,21.40,21.40
165,52402,62415-62239,114,Josh Allen,8100,QB,BUF,17.20,PIT_BUF,5416,0.00,24.30
166,47348,52276-63484,103,Kyler Murray,8100,QB,ARI,18.46,ARI_NYG,4604,19.20,19.20
167,42188,51435-63115,93,Lamar Jackson,8100,QB,BAL,18.60,BAL_IND,861,5.40,20.30
168,30695,51377-63115,73,Lamar Jackson,8100,QB,BAL,18.60,BAL_IND,4662,,20.30
169,9485,39142-6616,14,Matt Ryan,8100,QB,ATL,30.94,ATL_ARI,5069,11.90,21.90
170,13603,41460-22015,23,Russell Wilson,8100,QB,SEA,19.34,SEA_CAR,4967,9.60,20.10
171,13605,41460-6894,23,Aaron Rodgers,8000,QB,GB,14.42,CHI_GB,4960,0.60,17.00
172,11273,40116-6894,18,Aaron Rodgers,8000,QB,GB,10.02,CAR_GB,5024,5.80,20.00
173,7834,38387-6894,11,Aaron Rodgers,8000,QB,GB,14.36,MIN_GB,5118,18.50,19.30
174,55681,64897-6894,119,Aaron Rodgers,8000,QB,GB,20.76,GB_CIN,5746,0.00,19.90
175,35888,51732-6589,90,Ben Roethlisberger,8000,QB,PIT,17.68,PIT_JAC,4646,20.53,20.30
176,41757,51754-6589,92,Ben Roethlisberger,8000,QB,PIT,17.68,PIT_JAC,851,20.53,20.30
177,24677,50946-14185,67,Cam Newton,8000,QB,NE,19.98,DEN_NE,4702,,20.70
178,14142,41710-31716,25,Dak Prescott,8000,QB,DAL,11.30,DAL_PHI,4950,0.00,19.00
179,9487,39142-31716,14,Dak Prescott,8000,QB,DAL,18.22,DAL_NYJ,5071,4.70,20.60
180,54853,63955-31716,118,Dak Prescott,8000,QB,DAL,8.48,DAL_LAC,5586,0.00,22.80
181,14615,41992-31716,21,Dak Prescott,8000,QB,DAL,29.62,WAS_DAL,4947,0.00,18.90
182,28475,51091-54879,69,Deshaun Watson,8000,QB,HOU,24.16,GB_HOU,4684,23.01,21.90
183,8973,38945-54879,13,Deshaun Watson,8000,QB,HOU,41.74,ATL_HOU,5072,8.70,21.60
184,47351,52276-54879,103,Deshaun Watson,8000,QB,HOU,16.56,HOU_CHI,4603,20.40,20.30
185,4047,50179-54879,5,Deshaun Watson,8000,QB,HOU,18.06,HOU_PIT,4726,18.20,18.20
186,43143,51126-54879,95,Deshaun Watson,8000,QB,HOU,24.16,GB_HOU,876,23.01,21.90
187,10364,39577-38435,16,Jared Goff,8000,QB,LAR,22.88,CIN_LAR,5043,7.90,20.10
188,11681,40387-54604,19,Jimmy Garoppolo,8000,QB,SF,31.66,ARI_SF,5016,1.20,18.10
189,12593,40932-54604,20,Jimmy Garoppolo,8000,QB,SF,9.10,SF_BAL,4992,0.10,15.50
190,33115,51566-69189,80,Justin Herbert,8000,QB,LAC,21.48,LAC_MIA,4659,,20.90
191,40487,49893-63484,83,Kyler Murray,8000,QB,ARI,33.14,WAS_ARI,806,,20.80
192,48660,52491-63484,105,Kyler Murray,8000,QB,ARI,34.14,PHI_ARI,4600,12.10,21.80
193,1573,49877-63484,2,Kyler Murray,8000,QB,ARI,33.14,WAS_ARI,4749,12.00,20.80
194,51848,53389-63115,111,Lamar Jackson,8000,QB,BAL,8.88,BAL_BUF,4564,19.30,21.80
195,7120,37435-6616,10,Matt Ryan,8000,QB,ATL,20.56,ATL_MIN,5122,0.05,16.80
196,9486,39142-22015,14,Russell Wilson,8000,QB,SEA,28.90,SEA_CLE,5067,4.90,21.30
197,51658,53152-6498,110,Tom Brady,8000,QB,TB,23.04,TB_WAS,1068,,18.90
198,5347,38547-6894,7,Aaron Rodgers,7900,QB,GB,13.30,DEN_GB,5102,2.90,18.60
199,43982,49892-6894,97,Aaron Rodgers,7900,QB,GB,18.70,DET_GB,893,30.80,19.20
200,1574,49877-6894,2,Aaron Rodgers,7900,QB,GB,18.70,DET_GB,4740,8.30,19.20
201,7122,37435-41535,10,Baker Mayfield,7900,QB,CLE,12.40,TEN_CLE,5124,0.06,19.80
202,7124,37435-14185,10,Cam Newton,7900,QB,CAR,6.36,LAR_CAR,5127,0.15,20.10
203,40488,49893-54879,83,Deshaun Watson,7900,QB,HOU,15.70,BAL_HOU,808,,19.50
204,15909,50700-54879,26,Deshaun Watson,7900,QB,HOU,26.86,JAC_HOU,4713,13.90,24.10
205,1575,49877-54879,2,Deshaun Watson,7900,QB,HOU,15.70,BAL_HOU,4744,2.00,19.50
206,43558,50816-54879,96,Deshaun Watson,7900,QB,HOU,26.86,JAC_HOU,883,24.10,24.10
207,11275,40116-24849,18,Jameis Winston,7900,QB,TB,20.32,ARI_TB,5019,10.90,21.30
208,41020,24a8f51e-27ca-4457-b1be-637c3c893e33,88,Jared Goff,7900,QB,LAR,24.96,LAR_ARI,821,,17.10
209,12596,40932-38435,20,Jared Goff,7900,QB,LAR,24.96,LAR_ARI,4994,1.20,17.10
210,14619,41992-38435,21,Jared Goff,7900,QB,LAR,25.16,ARI_LAR,4935,0.00,16.90
211,857,47691-62239,1,Josh Allen,7900,QB,BUF,28.18,NYJ_BUF,4755,3.30,18.60
212,39778,27054d82-010d-4890-a076-73065d49d46f,89,Justin Herbert,7900,QB,LAC,23.44,LV_LAC,824,5.20,22.70
213,30699,51377-69189,73,Justin Herbert,7900,QB,LAC,23.44,LV_LAC,4666,,22.70
214,46188,52101-69189,101,Justin Herbert,7900,QB,LAC,6.36,NE_LAC,4622,19.54,20.90
215,13608,41460-22038,23,Kirk Cousins,7900,QB,MIN,12.68,MIN_LAC,4972,0.60,16.80
216,8471,38746-6616,12,Matt Ryan,7900,QB,ATL,15.68,TEN_ATL,5090,2.20,19.30
217,12136,40664-6616,22,Matt Ryan,7900,QB,ATL,8.64,TB_ATL,4997,18.40,22.10
218,10858,39835-6654,17,Matthew Stafford,7900,QB,DET,25.84,DET_OAK,5036,5.00,18.80
219,49773,52696-22015,107,Russell Wilson,7900,QB,SEA,19.90,LAR_SEA,4589,4.30,19.50
220,47353,52276-21948,103,Ryan Tannehill,7900,QB,TEN,16.48,TEN_JAC,4607,20.90,20.90
221,14618,41992-21948,21,Ryan Tannehill,7900,QB,TEN,17.92,TEN_HOU,4940,0.00,18.60
222,10366,39577-6498,16,Tom Brady,7900,QB,NE,18.36,CLE_NE,5050,3.60,19.90
223,44593,51892-6498,98,Tom Brady,7900,QB,TB,23.70,KC_TB,4631,20.27,19.30
224,48661,52491-6498,105,Tom Brady,7900,QB,TB,23.40,TB_ATL,4592,4.90,20.20
225,8978,38945-6894,13,Aaron Rodgers,7800,QB,GB,9.42,GB_DAL,5083,2.80,17.40
226,8977,38945-70324,13,Carson Wentz,7800,QB,PHI,12.06,NYJ_PHI,5081,6.20,20.00
227,13614,41460-31716,23,Dak Prescott,7800,QB,DAL,17.68,LAR_DAL,4970,8.00,19.60
228,15251,50456-54879,8,Deshaun Watson,7800,QB,HOU,20.90,MIN_HOU,4722,12.10,23.70
229,54856,63955-69531,118,Jalen Hurts,7800,QB,PHI,21.80,SF_PHI,5579,0.00,22.40
230,7127,37435-38435,10,Jared Goff,7800,QB,LAR,10.44,LAR_CAR,5127,0.07,19.00
231,9909,39367-38435,15,Jared Goff,7800,QB,LAR,25.02,LAR_ATL,5055,8.10,20.60
232,48663,52491-38435,105,Jared Goff,7800,QB,LAR,16.26,NYJ_LAR,4593,4.30,19.90
233,13611,41460-38435,23,Jared Goff,7800,QB,LAR,18.56,LAR_DAL,4970,2.10,17.40
234,13060,41210-54604,24,Jimmy Garoppolo,7800,QB,SF,29.06,SF_NO,4975,0.70,16.30
235,11686,40387-62239,19,Josh Allen,7800,QB,BUF,33.84,BUF_MIA,5013,5.80,19.60
236,12140,40664-62239,22,Josh Allen,7800,QB,BUF,20.00,DEN_BUF,5001,2.20,17.70
237,13062,41210-62239,24,Josh Allen,7800,QB,BUF,10.74,BAL_BUF,4979,0.70,18.20
238,10859,39835-22038,17,Kirk Cousins,7800,QB,MIN,21.30,MIN_KC,5032,3.50,18.20
239,35893,51732-6616,90,Matt Ryan,7800,QB,ATL,7.28,ATL_NO,4642,16.95,18.90
240,28478,51091-6616,69,Matt Ryan,7800,QB,ATL,17.52,DET_ATL,4689,20.74,21.40
241,43145,51126-6616,95,Matt Ryan,7800,QB,ATL,17.52,DET_ATL,878,20.74,21.40
242,859,47691-6616,1,Matt Ryan,7800,QB,ATL,24.90,SEA_ATL,4757,8.50,18.70
243,14620,41992-6616,21,Matt Ryan,7800,QB,ATL,14.52,ATL_TB,4938,0.00,19.30
244,41759,51754-6616,92,Matt Ryan,7800,QB,ATL,7.28,ATL_NO,850,16.95,18.90
245,5350,38547-6616,7,Matt Ryan,7800,QB,ATL,23.46,ATL_IND,5100,2.90,19.40
246,4050,50179-6616,5,Matt Ryan,7800,QB,ATL,12.42,CHI_ATL,4730,18.80,18.80
247,8475,38746-7968,12,Philip Rivers,7800,QB,LAC,20.40,LAC_MIA,5088,6.10,19.20
248,8474,38746-22015,12,Russell Wilson,7800,QB,SEA,14.30,SEA_ARI,5092,12.70,24.00
249,52409,62415-22015,114,Russell Wilson,7800,QB,SEA,27.06,SEA_IND,5412,0.00,20.30
250,14144,41710-21948,25,Ryan Tannehill,7800,QB,TEN,23.68,NO_TEN,4958,0.00,19.50
251,46191,52101-21948,101,Ryan Tannehill,7800,QB,TEN,28.56,CLE_TEN,4621,18.94,21.60
252,7840,38387-6498,11,Tom Brady,7800,QB,NE,24.66,NE_MIA,5112,20.83,20.70
253,11685,40387-6498,19,Tom Brady,7800,QB,NE,8.54,NE_PHI,5017,2.00,18.90
254,47354,52276-6498,103,Tom Brady,7800,QB,TB,15.64,MIN_TB,4606,19.30,19.30
255,33117,51566-6498,80,Tom Brady,7800,QB,TB,31.84,TB_CAR,4650,,19.50
256,5349,38547-6498,7,Tom Brady,7800,QB,NE,20.14,NYJ_NE,5103,5.50,20.80
257,13618,41460-41535,23,Baker Mayfield,7700,QB,CLE,17.98,CLE_ARI,4969,3.10,17.50
258,30702,51377-6589,73,Ben Roethlisberger,7700,QB,PIT,25.04,PIT_DAL,4660,,19.60
259,39780,bb6e8862-846b-4d36-b11a-bd3876b7d836,89,Ben Roethlisberger,7700,QB,PIT,25.04,PIT_DAL,825,1.40,19.60
260,44596,51892-14185,98,Cam Newton,7700,QB,NE,5.96,ARI_NE,4637,20.47,19.30
261,45724,403c29a3-576a-4d7c-9183-ab1da13b8526,100,Cam Newton,7700,QB,NE,5.96,ARI_NE,919,20.47,19.30
262,4054,50179-14185,5,Cam Newton,7700,QB,NE,12.18,LV_NE,4733,23.00,23.00
263,13620,41460-70324,23,Carson Wentz,7700,QB,PHI,21.54,PHI_WAS,4965,2.50,16.80
264,14624,41992-70324,21,Carson Wentz,7700,QB,PHI,17.06,PHI_NYG,4944,0.00,18.30
265,863,47691-70324,1,Carson Wentz,7700,QB,PHI,15.00,PHI_WAS,4752,6.50,17.60
266,14147,41710-70324,25,Carson Wentz,7700,QB,PHI,18.96,DAL_PHI,4950,0.00,17.40
267,5356,38547-70324,7,Carson Wentz,7700,QB,PHI,21.66,DET_PHI,5101,3.80,18.50
268,7845,38387-31716,11,Dak Prescott,7700,QB,DAL,28.66,DAL_WAS,5114,20.36,19.90
269,13069,41210-54879,24,Deshaun Watson,7700,QB,HOU,30.08,DEN_HOU,4978,8.50,21.10
270,41761,51754-54879,92,Deshaun Watson,7700,QB,HOU,31.36,NE_HOU,852,22.30,20.70
271,35895,51732-54879,90,Deshaun Watson,7700,QB,HOU,31.36,NE_HOU,4638,22.30,20.70
272,43146,51126-6504,95,Drew Brees,7700,QB,NO,23.68,CAR_NO,875,18.61,18.80
273,28479,51091-6504,69,Drew Brees,7700,QB,NO,23.68,CAR_NO,4688,18.61,18.70
274,15253,50456-6504,8,Drew Brees,7700,QB,NO,16.54,NO_DET,4720,3.30,18.40
275,13068,41210-6504,24,Drew Brees,7700,QB,NO,40.06,SF_NO,4975,1.50,17.00
276,54857,63955-24849,118,Jameis Winston,7700,QB,NO,10.34,NO_CAR,5580,0.00,17.70
277,13066,41210-24849,24,Jameis Winston,7700,QB,TB,37.74,IND_TB,4974,5.00,19.40
278,8477,38746-38435,12,Jared Goff,7700,QB,LAR,23.68,TB_LAR,5093,4.80,19.50
279,35896,51732-63336,90,Joe Burrow,7700,QB,CIN,11.32,CIN_WAS,4644,19.59,18.50
280,41762,51754-63336,92,Joe Burrow,7700,QB,CIN,11.32,CIN_WAS,849,19.59,18.50
281,10862,39835-62239,17,Josh Allen,7700,QB,BUF,17.60,WAS_BUF,5030,4.10,19.00
282,10372,39577-62239,16,Josh Allen,7700,QB,BUF,17.26,PHI_BUF,5044,3.60,20.40
283,9910,39367-62239,15,Josh Allen,7700,QB,BUF,21.28,MIA_BUF,5051,5.00,21.60
284,55689,64897-69189,119,Justin Herbert,7700,QB,LAC,42.82,CLE_LAC,5754,0.00,19.50
285,39946,5f2eb4d4-f720-42fb-a7c4-19478f504b4d,85,Justin Herbert,7700,QB,LAC,23.22,LAC_DEN,812,19.11,20.00
286,29611,51232-69189,71,Justin Herbert,7700,QB,LAC,23.22,LAC_DEN,4681,19.90,19.90
287,50398,52913-22038,108,Kirk Cousins,7700,QB,MIN,34.30,MIN_DET,4568,,20.90
288,11688,40387-22038,19,Kirk Cousins,7700,QB,MIN,22.86,DEN_MIN,5011,1.70,16.00
289,41022,9a0436c1-a573-4678-9591-19f1a75ccd96,88,Kyler Murray,7700,QB,ARI,14.32,LAR_ARI,821,,19.60
290,9491,39142-63484,14,Kyler Murray,7700,QB,ARI,28.80,ATL_ARI,5069,10.50,21.70
291,12600,40932-63484,20,Kyler Murray,7700,QB,ARI,14.32,LAR_ARI,4994,3.90,19.60
292,9911,39367-63484,15,Kyler Murray,7700,QB,ARI,6.96,ARI_NYG,5053,12.00,21.80
293,14626,41992-63484,21,Kyler Murray,7700,QB,ARI,15.00,ARI_LAR,4935,0.00,13.30
294,14148,41710-63484,25,Kyler Murray,7700,QB,ARI,12.72,ARI_SEA,4949,0.00,19.50
295,40119,affd2750-abf2-4582-b22e-61be19980466,82,Kyler Murray,7700,QB,ARI,27.30,ARI_SF,805,17.78,17.60
296,11281,40116-63484,18,Kyler Murray,7700,QB,ARI,27.76,ARI_TB,5019,8.60,20.90
297,864,47691-63484,1,Kyler Murray,7700,QB,ARI,27.30,ARI_SF,4762,3.20,17.60
298,8979,38945-6616,13,Matt Ryan,7700,QB,ATL,32.90,ATL_HOU,5072,3.70,19.80
299,1578,49877-6616,2,Matt Ryan,7700,QB,ATL,28.52,ATL_DAL,4746,10.00,19.30
300,49776,52696-6616,107,Matt Ryan,7700,QB,ATL,19.90,ATL_KC,4586,4.00,17.70
301,14146,41710-6616,25,Matt Ryan,7700,QB,ATL,17.96,JAC_ATL,4953,0.00,19.20
302,15913,50700-6616,26,Matt Ryan,7700,QB,ATL,7.94,CAR_ATL,4707,5.50,20.60
303,43984,49892-6616,97,Matt Ryan,7700,QB,ATL,28.52,ATL_DAL,894,24.90,19.30
304,43561,50816-6616,96,Matt Ryan,7700,QB,ATL,7.94,CAR_ATL,885,20.80,20.60
305,10370,39577-6654,16,Matthew Stafford,7700,QB,DET,24.38,NYG_DET,5042,8.30,20.00
306,7844,38387-7968,11,Philip Rivers,7700,QB,LAC,11.92,LAC_DET,5113,17.56,17.60
307,8981,38945-7968,13,Philip Rivers,7700,QB,LAC,6.14,DEN_LAC,5082,4.50,17.70
308,48664,52491-21948,105,Ryan Tannehill,7700,QB,TEN,37.02,DET_TEN,4594,5.80,20.70
309,52412,62415-21948,114,Ryan Tannehill,7700,QB,TEN,15.18,ARI_TEN,5413,0.00,21.10
310,13065,41210-63589,24,Sam Darnold,7700,QB,NYJ,18.10,MIA_NYJ,4980,4.00,18.60
311,47357,52276-45565,103,Taysom Hill,7700,QB,NO,19.94,NO_PHI,4615,19.90,19.90
312,46193,52101-45565,101,Taysom Hill,7700,QB,NO,23.58,NO_ATL,4616,19.79,20.00
313,13067,41210-6498,24,Tom Brady,7700,QB,NE,11.76,KC_NE,4985,3.20,17.90
314,12143,40664-6498,22,Tom Brady,7700,QB,NE,11.30,DAL_NE,5006,1.70,17.30
315,9915,39367-6894,15,Aaron Rodgers,7600,QB,GB,43.76,OAK_GB,5054,3.80,19.50
316,12603,40932-41535,20,Baker Mayfield,7600,QB,CLE,9.04,CLE_PIT,4995,0.10,15.50
317,13073,41210-41535,24,Baker Mayfield,7600,QB,CLE,12.98,CIN_CLE,4981,2.30,16.90
318,49777,52696-41535,107,Baker Mayfield,7600,QB,CLE,8.00,CLE_NYJ,4590,3.30,15.20
319,40664,c80d9944-5498-4da8-b505-3d4b7f7b47ce,86,Ben Roethlisberger,7600,QB,PIT,10.74,PIT_NE,815,,18.00
320,24681,50946-6589,67,Ben Roethlisberger,7600,QB,PIT,10.98,CLE_PIT,4700,,19.90
321,41763,51754-14185,92,Cam Newton,7600,QB,NE,19.20,NE_HOU,852,20.28,18.90
322,35897,51732-14185,90,Cam Newton,7600,QB,NE,19.20,NE_HOU,4638,20.28,18.90
323,7131,37435-70324,10,Carson Wentz,7600,QB,PHI,25.02,WAS_PHI,5126,0.05,19.40
324,4055,50179-70324,5,Carson Wentz,7600,QB,PHI,23.50,CIN_PHI,4728,18.00,18.00
325,39949,e46fe8e8-fd7e-4a72-94d7-05e178f1f41f,85,Drew Brees,7600,QB,NO,19.60,NO_CHI,814,15.84,15.80
326,33122,51566-6504,80,Drew Brees,7600,QB,NO,6.94,SF_NO,4652,,20.00
327,29614,51232-6504,71,Drew Brees,7600,QB,NO,19.60,NO_CHI,4678,16.30,16.30
328,52414,62415-69531,114,Jalen Hurts,7600,QB,PHI,28.76,PHI_ATL,5417,0.00,20.60
329,8983,38945-24849,13,Jameis Winston,7600,QB,TB,17.46,TB_NO,5078,2.30,18.30
330,12145,40664-24849,22,Jameis Winston,7600,QB,TB,26.32,TB_ATL,4997,13.10,19.80
331,11689,40387-24849,19,Jameis Winston,7600,QB,TB,18.82,NO_TB,5010,4.30,19.30
332,12602,40932-24849,20,Jameis Winston,7600,QB,TB,10.72,TB_JAC,4986,6.60,19.50
333,7850,38387-38435,11,Jared Goff,7600,QB,LAR,19.12,NO_LAR,5121,19.09,20.10
334,29616,51232-63336,71,Joe Burrow,7600,QB,CIN,18.86,TEN_CIN,4671,19.70,19.70
335,42669,51273-63336,94,Joe Burrow,7600,QB,CIN,18.86,TEN_CIN,870,19.70,18.50
336,52413,62415-69189,114,Justin Herbert,7600,QB,LAC,14.38,LAC_WAS,5419,0.00,18.90
337,50401,52913-69189,108,Justin Herbert,7600,QB,LAC,32.98,LAC_KC,4572,,19.40
338,54860,63955-69189,118,Justin Herbert,7600,QB,LAC,16.72,DAL_LAC,5586,0.00,22.90
339,8482,38746-63484,12,Kyler Murray,7600,QB,ARI,17.34,SEA_ARI,5092,4.20,19.50
340,13627,41460-63484,23,Kyler Murray,7600,QB,ARI,17.36,CLE_ARI,4969,6.20,19.40
341,11692,40387-63484,19,Kyler Murray,7600,QB,ARI,26.70,ARI_SF,5016,0.10,17.70
342,11690,40387-6616,19,Matt Ryan,7600,QB,ATL,16.44,ATL_CAR,5015,8.90,18.40
343,13072,41210-6616,24,Matt Ryan,7600,QB,ATL,21.32,CAR_ATL,4976,8.60,19.10
344,45725,c48a07de-7115-4d42-9e43-c2a9723be636,100,Matt Ryan,7600,QB,ATL,14.90,LV_ATL,925,18.85,19.00
345,13625,41460-6616,23,Matt Ryan,7600,QB,ATL,19.10,ATL_SF,4971,1.30,16.60
346,30705,51377-6616,73,Matt Ryan,7600,QB,ATL,23.36,DEN_ATL,4669,,19.70
347,42194,51435-6616,93,Matt Ryan,7600,QB,ATL,23.36,DEN_ATL,863,2.40,19.70
348,44598,51892-6616,98,Matt Ryan,7600,QB,ATL,14.90,LV_ATL,4634,18.85,19.20
349,9916,39367-7968,15,Philip Rivers,7600,QB,LAC,21.16,LAC_TEN,5059,0.20,15.80
350,5360,38547-22015,7,Russell Wilson,7600,QB,SEA,41.34,NO_SEA,5107,4.10,19.40
351,7848,38387-22015,11,Russell Wilson,7600,QB,SEA,24.20,SEA_PIT,5109,17.43,17.50
352,13624,41460-21948,23,Ryan Tannehill,7600,QB,TEN,25.16,HOU_TEN,4962,5.00,20.00
353,12601,40932-63589,20,Sam Darnold,7600,QB,NYJ,10.46,NYJ_CIN,4988,2.20,18.40
354,55690,64897-63589,119,Sam Darnold,7600,QB,CAR,9.08,PHI_CAR,5749,0.00,19.70
355,8984,38945-6498,13,Tom Brady,7600,QB,NE,24.92,NE_WAS,5079,2.20,20.00
356,43986,49892-6498,97,Tom Brady,7600,QB,TB,9.68,CAR_TB,887,22.50,18.00
357,14629,41992-6498,21,Tom Brady,7600,QB,NE,15.84,MIA_NE,4941,0.00,18.80
358,13623,41460-6498,23,Tom Brady,7600,QB,NE,12.92,NE_CIN,4961,2.70,16.90
359,1580,49877-6498,2,Tom Brady,7600,QB,TB,9.68,CAR_TB,4741,4.80,18.00
360,865,47691-6498,1,Tom Brady,7600,QB,TB,22.46,TB_NO,4761,3.10,17.70
361,868,47691-6894,1,Aaron Rodgers,7500,QB,GB,30.76,GB_MIN,4759,2.80,16.90
362,8988,38945-14225,13,Andy Dalton,7500,QB,CIN,18.98,ARI_CIN,5080,3.50,17.50
363,12147,40664-41535,22,Baker Mayfield,7500,QB,CLE,24.58,MIA_CLE,4998,6.50,17.70
364,8484,38746-41535,12,Baker Mayfield,7500,QB,CLE,16.78,CLE_BAL,5085,0.80,16.20
365,1581,49877-6589,2,Ben Roethlisberger,7500,QB,PIT,19.24,DEN_PIT,4748,1.40,17.00
366,43987,49892-6589,97,Ben Roethlisberger,7500,QB,PIT,19.24,DEN_PIT,888,22.10,17.00
367,49778,52696-6589,107,Ben Roethlisberger,7500,QB,PIT,25.48,IND_PIT,4587,3.40,16.20
368,4057,50179-6589,5,Ben Roethlisberger,7500,QB,PIT,19.18,HOU_PIT,4726,18.70,18.70
369,46198,52101-14185,101,Cam Newton,7500,QB,NE,23.56,NE_LAC,4622,19.12,18.50
370,33127,51566-70324,80,Carson Wentz,7500,QB,PHI,8.72,PHI_NYG,4657,,19.30
371,9495,39142-70324,14,Carson Wentz,7500,QB,PHI,21.54,PHI_MIN,5062,1.00,15.40
372,7136,37435-31716,10,Dak Prescott,7500,QB,DAL,33.40,NYG_DAL,5132,0.06,19.20
373,40842,fd0c611b-664f-4c85-b298-56ae890b4a8f,87,Dak Prescott,7500,QB,DAL,33.40,NYG_DAL,819,,19.20
374,12146,40664-63519,22,Daniel Jones,7500,QB,NYG,14.70,NYG_CHI,4999,0.20,14.70
375,14633,41992-63519,21,Daniel Jones,7500,QB,NYG,15.64,PHI_NYG,4944,0.00,17.20
376,48667,52491-6504,105,Drew Brees,7500,QB,NO,20.36,KC_NO,4596,3.60,18.20
377,10376,39577-30231,16,Jacoby Brissett,7500,QB,IND,9.48,DEN_IND,5049,2.10,17.10
378,14153,41710-30231,25,Jacoby Brissett,7500,QB,IND,15.16,CAR_IND,4954,0.00,16.40
379,11693,40387-30231,19,Jacoby Brissett,7500,QB,IND,16.12,JAC_IND,5014,4.20,15.90
380,40843,3867e8c1-a622-4b78-bacc-ed1453d54dae,87,Jameis Winston,7500,QB,TB,10.06,SF_TB,820,,20.30
381,10864,39835-24849,17,Jameis Winston,7500,QB,TB,20.20,TB_SEA,5035,5.30,18.50
382,7133,37435-24849,10,Jameis Winston,7500,QB,TB,10.06,SF_TB,5131,0.06,19.90
383,8483,38746-24849,12,Jameis Winston,7500,QB,TB,30.30,TB_LAR,5093,0.70,16.60
384,15255,50456-38435,8,Jared Goff,7500,QB,LAR,11.70,NYG_LAR,4714,6.30,20.00
385,43564,50816-38435,96,Jared Goff,7500,QB,LAR,25.36,LAR_WAS,879,17.70,17.70
386,15916,50700-38435,26,Jared Goff,7500,QB,LAR,25.36,LAR_WAS,4710,2.30,17.70
387,9917,39367-54604,15,Jimmy Garoppolo,7500,QB,SF,7.04,SF_WAS,5058,1.00,16.60
388,11285,40116-62239,18,Josh Allen,7500,QB,BUF,25.44,BUF_CLE,5021,2.30,17.30
389,7855,38387-62239,11,Josh Allen,7500,QB,BUF,22.22,BUF_NYG,5117,20.38,19.70
390,5362,38547-62239,7,Josh Allen,7500,QB,BUF,19.32,CIN_BUF,5098,7.00,20.20
391,28485,51091-69189,69,Justin Herbert,7500,QB,LAC,38.48,JAC_LAC,4692,21.46,20.80
392,55695,64897-22038,119,Kirk Cousins,7500,QB,MIN,14.40,DET_MIN,5752,0.00,19.70
393,47363,52276-22038,103,Kirk Cousins,7500,QB,MIN,17.10,MIN_TB,4606,18.30,18.30
394,13077,41210-63484,24,Kyler Murray,7500,QB,ARI,12.96,PIT_ARI,4983,2.30,18.30
395,11284,40116-6616,18,Matt Ryan,7500,QB,ATL,15.58,ATL_NO,5025,3.70,17.70
396,50402,52913-6616,108,Matt Ryan,7500,QB,ATL,22.70,ATL_TB,4570,,17.50
397,35900,51732-6654,90,Matthew Stafford,7500,QB,DET,7.62,DET_CAR,4640,16.22,17.20
398,54862,63955-6654,118,Matthew Stafford,7500,QB,LAR,18.22,LAR_IND,5581,0.00,19.00
399,41766,51754-6654,92,Matthew Stafford,7500,QB,DET,7.62,DET_CAR,854,16.22,17.20
400,42197,51435-6654,93,Matthew Stafford,7500,QB,DET,10.44,DET_MIN,858,2.50,18.60
401,30708,51377-6654,73,Matthew Stafford,7500,QB,DET,10.44,DET_MIN,4665,,18.60
402,4061,50179-38628,5,Mitchell Trubisky,7500,QB,CHI,12.62,CHI_ATL,4730,17.20,17.20
403,13630,41460-38628,23,Mitchell Trubisky,7500,QB,CHI,18.26,CHI_GB,4960,0.40,17.10
404,7135,37435-7968,10,Philip Rivers,7500,QB,LAC,24.92,IND_LAC,5130,0.03,17.80
405,5363,38547-7968,7,Philip Rivers,7500,QB,LAC,19.62,HOU_LAC,5106,3.50,18.30
406,14155,41710-7968,25,Philip Rivers,7500,QB,LAC,11.16,OAK_LAC,4956,0.00,17.10
407,50404,52913-22015,108,Russell Wilson,7500,QB,SEA,18.14,SEA_SF,4571,,20.30
408,45727,42705ba8-6de5-40f6-93fc-08bbb2741f10,100,Ryan Tannehill,7500,QB,TEN,19.14,TEN_IND,922,18.01,18.50
409,44602,51892-21948,98,Ryan Tannehill,7500,QB,TEN,19.14,TEN_IND,4629,18.01,18.50
410,42672,51273-21948,94,Ryan Tannehill,7500,QB,TEN,18.32,TEN_CIN,870,21.60,20.50
411,29619,51232-21948,71,Ryan Tannehill,7500,QB,TEN,18.32,TEN_CIN,4671,21.60,21.60
412,24683,50946-6498,67,Tom Brady,7500,QB,TB,14.64,GB_TB,4693,,19.50
413,40120,25662b96-e165-47c0-806b-ce1cce346242,82,Tom Brady,7500,QB,TB,22.46,TB_NO,804,17.35,17.70
414,14159,41710-41535,25,Baker Mayfield,7400,QB,CLE,15.08,BAL_CLE,4957,0.00,14.00
415,14641,41992-41535,21,Baker Mayfield,7400,QB,CLE,23.06,CLE_CIN,4939,0.00,16.10
416,9498,39142-41535,14,Baker Mayfield,7400,QB,CLE,22.46,SEA_CLE,5067,1.30,15.80
417,15917,50700-6589,26,Ben Roethlisberger,7400,QB,PIT,21.36,PHI_PIT,4706,3.10,17.60
418,33129,51566-6589,80,Ben Roethlisberger,7400,QB,PIT,29.32,CIN_PIT,4658,,18.90
419,28488,51091-6589,69,Ben Roethlisberger,7400,QB,PIT,15.62,PIT_TEN,4691,18.49,19.90
420,43565,50816-6589,96,Ben Roethlisberger,7400,QB,PIT,21.36,PHI_PIT,880,17.60,17.60
421,43151,51126-6589,95,Ben Roethlisberger,7400,QB,PIT,15.62,PIT_TEN,872,18.49,19.80
422,42675,51273-14185,94,Cam Newton,7400,QB,NE,18.36,NE_BUF,871,17.40,16.70
423,29623,51232-14185,71,Cam Newton,7400,QB,NE,18.36,NE_BUF,4675,17.40,17.40
424,35901,51732-70324,90,Carson Wentz,7400,QB,PHI,16.40,PHI_CLE,4641,17.07,17.10
425,10867,39835-70324,17,Carson Wentz,7400,QB,PHI,15.06,CHI_PHI,5033,1.50,17.20
426,10384,39577-70324,16,Carson Wentz,7400,QB,PHI,14.38,PHI_BUF,5044,0.50,16.30
427,41767,51754-70324,92,Carson Wentz,7400,QB,PHI,16.40,PHI_CLE,853,17.07,17.10
428,11286,40116-63519,18,Daniel Jones,7400,QB,NYG,30.32,NYG_NYJ,5023,2.80,16.90
429,12608,40932-63519,20,Daniel Jones,7400,QB,NYG,11.20,GB_NYG,4987,1.40,16.50
430,12152,40664-45859,22,Derek Carr,7400,QB,OAK,5.18,OAK_NYJ,5003,2.60,16.90
431,11698,40387-45859,19,Derek Carr,7400,QB,OAK,20.78,CIN_OAK,5018,7.50,18.10
432,50407,52913-6504,108,Drew Brees,7400,QB,NO,20.04,NO_CAR,4580,,17.70
433,13635,41460-64051,23,Drew Lock,7400,QB,DEN,7.62,DEN_KC,4963,0.30,13.50
434,15258,50456-61798,8,Gardner Minshew II,7400,QB,JAC,21.94,JAC_CIN,4721,1.50,18.10
435,13079,41210-30231,24,Jacoby Brissett,7400,QB,IND,22.64,IND_TB,4974,2.50,16.90
436,10380,39577-24849,16,Jameis Winston,7400,QB,TB,21.34,TB_TEN,5041,1.80,17.60
437,49783,52696-38435,107,Jared Goff,7400,QB,LAR,10.66,LAR_SEA,4589,2.20,17.60
438,33130,51566-38435,80,Jared Goff,7400,QB,LAR,10.48,SEA_LAR,4651,,19.90
439,870,47691-54604,1,Jimmy Garoppolo,7400,QB,SF,19.26,ARI_SF,4762,6.00,17.60
440,10381,39577-54604,16,Jimmy Garoppolo,7400,QB,SF,14.00,CAR_SF,5048,1.30,14.80
441,4064,50179-63336,5,Joe Burrow,7400,QB,CIN,20.38,CIN_PHI,4728,17.80,17.80
442,15260,50456-63336,8,Joe Burrow,7400,QB,CIN,16.10,JAC_CIN,4721,3.70,21.70
443,8486,38746-62239,12,Josh Allen,7400,QB,BUF,11.72,NE_BUF,5091,0.60,17.60
444,7138,37435-22038,10,Kirk Cousins,7400,QB,MIN,14.32,ATL_MIN,5122,0.02,18.30
445,54865,63955-22038,118,Kirk Cousins,7400,QB,MIN,25.26,MIN_ARI,5584,0.00,18.00
446,10386,39577-63484,16,Kyler Murray,7400,QB,ARI,10.10,ARI_NO,5040,3.00,19.50
447,8989,38945-63484,13,Kyler Murray,7400,QB,ARI,25.42,ARI_CIN,5080,9.40,18.40
448,7139,37435-63115,10,Lamar Jackson,7400,QB,BAL,33.56,BAL_MIA,5123,0.07,19.20
449,7860,38387-29358,11,Marcus Mariota,7400,QB,TEN,13.36,IND_TEN,5110,17.31,16.40
450,24685,50946-6616,67,Matt Ryan,7400,QB,ATL,31.64,ATL_MIN,4697,,19.50
451,46200,52101-6616,101,Matt Ryan,7400,QB,ATL,12.92,NO_ATL,4616,16.48,17.00
452,48672,52491-6616,105,Matt Ryan,7400,QB,ATL,27.84,TB_ATL,4592,1.30,17.00
453,14643,41992-38628,21,Mitchell Trubisky,7400,QB,CHI,6.38,CHI_MIN,4946,0.00,16.50
454,13638,41460-7968,23,Philip Rivers,7400,QB,LAC,11.28,MIN_LAC,4972,1.00,16.50
455,14644,41992-7968,21,Philip Rivers,7400,QB,LAC,17.74,LAC_KC,4948,0.00,14.30
456,51661,53152-22015,110,Russell Wilson,7400,QB,SEA,18.96,LAR_SEA,1067,,18.70
457,44605,51892-7659,98,Ryan Fitzpatrick,7400,QB,MIA,19.28,MIA_NYJ,4633,,19.20
458,45729,656b177c-6821-4b22-a2ac-d1ed489cc5ea,100,Ryan Fitzpatrick,7400,QB,MIA,19.28,MIA_NYJ,918,,19.20
459,14640,41992-7659,21,Ryan Fitzpatrick,7400,QB,MIA,24.30,MIA_NE,4941,0.00,14.10
460,14158,41710-7659,25,Ryan Fitzpatrick,7400,QB,MIA,32.66,CIN_MIA,4951,0.00,19.50
461,13078,41210-7659,24,Ryan Fitzpatrick,7400,QB,MIA,15.30,MIA_NYJ,4980,2.70,17.50
462,24686,50946-7659,67,Ryan Fitzpatrick,7400,QB,MIA,18.04,NYJ_MIA,4703,,19.90
463,30711,51377-21948,73,Ryan Tannehill,7400,QB,TEN,14.62,CHI_TEN,4664,,18.60
464,4063,50179-21948,5,Ryan Tannehill,7400,QB,TEN,13.24,TEN_MIN,4727,18.40,18.40
465,42199,51435-21948,93,Ryan Tannehill,7400,QB,TEN,14.62,CHI_TEN,857,3.00,18.60
466,14156,41710-63589,25,Sam Darnold,7400,QB,NYJ,9.62,PIT_NYJ,4959,0.00,13.00
467,12150,40664-63589,22,Sam Darnold,7400,QB,NYJ,28.20,OAK_NYJ,5003,1.40,16.80
468,10379,39577-63589,16,Sam Darnold,7400,QB,NYJ,15.62,NYJ_JAC,5045,0.10,14.80
469,10387,39577-41535,16,Baker Mayfield,7300,QB,CLE,12.56,CLE_NE,5050,0.10,11.40
470,50414,52913-14185,108,Cam Newton,7300,QB,NE,37.98,NYJ_NE,4569,,16.90
471,48677,52491-14185,105,Cam Newton,7300,QB,NE,12.16,NE_MIA,4601,0.40,16.90
472,873,47691-14185,1,Cam Newton,7300,QB,NE,25.70,MIA_NE,4758,5.00,18.60
473,1587,49877-70324,2,Carson Wentz,7300,QB,PHI,14.38,LAR_PHI,4745,1.70,16.30
474,46204,52101-70324,101,Carson Wentz,7300,QB,PHI,4.96,PHI_GB,4626,15.65,16.10
475,43993,49892-70324,97,Carson Wentz,7300,QB,PHI,14.38,LAR_PHI,889,15.00,16.30
476,12155,40664-70324,22,Carson Wentz,7300,QB,PHI,10.94,SEA_PHI,5007,7.50,16.30
477,12615,40932-70324,20,Carson Wentz,7300,QB,PHI,25.40,PHI_MIA,4993,7.50,17.60
478,8487,38746-63519,12,Daniel Jones,7300,QB,NYG,14.30,WAS_NYG,5089,11.00,18.60
479,14162,41710-63519,25,Daniel Jones,7300,QB,NYG,35.28,NYG_WAS,4955,0.00,15.80
480,13641,41460-52606,23,David Blough,7300,QB,DET,10.30,TB_DET,4966,0.50,14.60
481,14650,41992-45859,21,Derek Carr,7300,QB,OAK,19.64,OAK_DEN,4934,0.00,13.70
482,13643,41460-45859,23,Derek Carr,7300,QB,OAK,15.88,JAC_OAK,4968,2.70,16.30
483,29627,51232-45859,71,Derek Carr,7300,QB,LV,12.58,LV_CLE,4676,17.40,17.40
484,42679,51273-45859,94,Derek Carr,7300,QB,LV,12.58,LV_CLE,869,17.40,16.80
485,10873,39835-45859,17,Derek Carr,7300,QB,OAK,19.56,DET_OAK,5036,4.70,17.50
486,14166,41710-45859,25,Derek Carr,7300,QB,OAK,21.94,OAK_LAC,4956,0.00,14.20
487,14164,41710-64051,25,Drew Lock,7300,QB,DEN,12.68,DET_DEN,4952,0.00,14.50
488,8489,38746-30231,12,Jacoby Brissett,7300,QB,IND,23.50,OAK_IND,5087,2.30,17.60
489,9923,39367-30231,15,Jacoby Brissett,7300,QB,IND,27.64,HOU_IND,5052,1.20,18.40
490,5367,38547-24849,7,Jameis Winston,7300,QB,TB,26.50,NYG_TB,5104,7.80,19.20
491,29625,51232-38435,71,Jared Goff,7300,QB,LAR,12.20,LAR_MIA,4673,17.80,17.80
492,42677,51273-38435,94,Jared Goff,7300,QB,LAR,12.20,LAR_MIA,865,17.80,17.80
493,1589,49877-38435,2,Jared Goff,7300,QB,LAR,23.98,LAR_PHI,4745,1.70,16.50
494,43992,49892-38435,97,Jared Goff,7300,QB,LAR,23.98,LAR_PHI,889,11.50,16.50
495,12154,40664-30253,22,Jeff Driskel,7300,QB,DET,15.58,DET_WAS,5002,0.40,17.60
496,40122,ba34b916-4b0b-4218-b84d-8f724df9e55d,82,Jimmy Garoppolo,7300,QB,SF,19.26,ARI_SF,805,19.24,17.60
497,15919,50700-63336,26,Joe Burrow,7300,QB,CIN,5.32,CIN_BAL,4704,0.80,18.10
498,43567,50816-63336,96,Joe Burrow,7300,QB,CIN,5.32,CIN_BAL,884,18.10,18.10
499,46203,52101-22038,101,Kirk Cousins,7300,QB,MIN,22.40,JAC_MIN,4618,19.15,19.70
500,7863,38387-22038,11,Kirk Cousins,7300,QB,MIN,10.90,MIN_GB,5118,16.71,15.80
501,9922,39367-22038,15,Kirk Cousins,7300,QB,MIN,29.18,MIN_DET,5056,1.70,16.30
502,7143,37435-63484,10,Kyler Murray,7300,QB,ARI,22.62,DET_ARI,5133,0.00,19.20
503,40844,14716e1d-cb9f-4e51-83fe-6a32319a40a3,87,Kyler Murray,7300,QB,ARI,22.62,DET_ARI,818,,19.30
504,47366,52276-6616,103,Matt Ryan,7300,QB,ATL,10.26,ATL_LAC,4608,17.80,17.80
505,52418,62415-6616,114,Matt Ryan,7300,QB,ATL,7.36,PHI_ATL,5417,0.00,18.80
506,4066,50179-6654,5,Matthew Stafford,7300,QB,DET,18.50,DET_ARI,4734,18.10,18.10
507,24689,50946-6654,67,Matthew Stafford,7300,QB,DET,13.32,DET_JAC,4699,,20.80
508,9921,39367-6654,15,Matthew Stafford,7300,QB,DET,29.56,MIN_DET,5056,0.60,16.20
509,48675,52491-6654,105,Matthew Stafford,7300,QB,DET,15.28,DET_TEN,4594,0.80,16.20
510,43153,51126-6654,95,Matthew Stafford,7300,QB,DET,18.40,DET_ATL,878,19.90,20.90
511,33132,51566-6654,80,Matthew Stafford,7300,QB,DET,23.04,WAS_DET,4649,,17.60
512,28491,51091-6654,69,Matthew Stafford,7300,QB,DET,18.40,DET_ATL,4689,19.90,20.90
513,872,47691-6654,1,Matthew Stafford,7300,QB,DET,17.18,CHI_DET,4756,3.00,17.10
514,50412,52913-38628,108,Mitchell Trubisky,7300,QB,CHI,11.28,GB_CHI,4578,,17.70
515,10388,39577-7968,16,Philip Rivers,7300,QB,LAC,11.04,LAC_CHI,5047,0.10,15.00
516,12616,40932-7968,20,Philip Rivers,7300,QB,LAC,17.60,LAC_DEN,4996,0.70,14.70
517,50413,52913-7968,108,Philip Rivers,7300,QB,IND,11.36,JAC_IND,4576,,19.30
518,41025,3c2598ed-de10-4d44-a6fd-ec7dc3570dee,88,Philip Rivers,7300,QB,LAC,17.60,LAC_DEN,823,,14.70
519,13087,41210-7968,24,Philip Rivers,7300,QB,LAC,24.56,LAC_JAC,4982,3.30,16.10
520,13642,41460-7659,23,Ryan Fitzpatrick,7300,QB,MIA,20.46,MIA_NYG,4964,5.80,17.60
521,41769,51754-21948,92,Ryan Tannehill,7300,QB,TEN,22.86,TEN_BAL,855,16.35,17.00
522,35903,51732-21948,90,Ryan Tannehill,7300,QB,TEN,22.86,TEN_BAL,4639,16.35,17.00
523,13084,41210-21948,24,Ryan Tannehill,7300,QB,TEN,28.54,TEN_OAK,4984,5.50,18.30
524,43152,51126-21948,95,Ryan Tannehill,7300,QB,TEN,17.30,PIT_TEN,872,19.01,19.40
525,24688,50946-21948,67,Ryan Tannehill,7300,QB,TEN,29.56,HOU_TEN,4694,,20.80
526,54866,63955-21948,118,Ryan Tannehill,7300,QB,TEN,14.58,TEN_SEA,5587,0.00,18.80
527,28490,51091-21948,69,Ryan Tannehill,7300,QB,TEN,17.30,PIT_TEN,4691,19.01,19.40
528,12611,40932-21948,20,Ryan Tannehill,7300,QB,TEN,13.78,TEN_IND,4989,1.40,16.90
529,11699,40387-63589,19,Sam Darnold,7300,QB,NYJ,26.42,NYJ_WAS,5009,0.10,14.60
530,10868,39835-63589,17,Sam Darnold,7300,QB,NYJ,13.50,NYJ_MIA,5029,2.80,16.80
531,55700,64897-53331,119,Taylor Heinicke,7300,QB,WAS,11.92,NO_WAS,5747,0.00,17.40
532,44606,51892-45565,98,Taysom Hill,7300,QB,NO,18.52,NO_DEN,4636,20.20,19.00
533,9499,39142-33259,14,Teddy Bridgewater,7300,QB,NO,13.60,NO_JAC,5063,0.60,15.60
534,30713,51377-33259,73,Teddy Bridgewater,7300,QB,CAR,28.30,CAR_KC,4667,,17.40
535,42201,51435-33259,93,Teddy Bridgewater,7300,QB,CAR,28.30,CAR_KC,859,5.60,17.60
536,4065,50179-6498,5,Tom Brady,7300,QB,TB,23.88,TB_DEN,4725,17.60,17.60
537,15261,50456-6498,8,Tom Brady,7300,QB,TB,33.46,LAC_TB,4715,0.70,18.00
538,40665,ec7462fa-037e-4ae1-ae35-19a6b8a3b1e4,86,Tom Brady,7300,QB,NE,25.64,PIT_NE,815,,19.10
539,29630,51232-41535,71,Baker Mayfield,7200,QB,CLE,7.78,LV_CLE,4676,17.60,17.60
540,10876,39835-41535,17,Baker Mayfield,7200,QB,CLE,17.12,CLE_DEN,5038,1.10,12.80
541,42681,51273-41535,94,Baker Mayfield,7200,QB,CLE,7.78,LV_CLE,869,17.60,16.30
542,54870,63955-6589,118,Ben Roethlisberger,7200,QB,PIT,14.80,LV_PIT,5582,0.00,18.00
543,15922,50700-70324,26,Carson Wentz,7200,QB,PHI,19.42,PHI_PIT,4706,0.80,15.30
544,43570,50816-70324,96,Carson Wentz,7200,QB,PHI,19.42,PHI_PIT,880,15.30,15.30
545,44608,51892-63519,98,Daniel Jones,7200,QB,NYG,10.42,NYG_CIN,4630,18.58,18.50
546,9925,39367-63519,15,Daniel Jones,7200,QB,NYG,11.42,ARI_NYG,5053,8.10,18.10
547,45733,eb105233-b559-415f-b811-b517f6979f17,100,Daniel Jones,7200,QB,NYG,10.42,NYG_CIN,923,18.58,18.80
548,50418,52913-45859,108,Derek Carr,7200,QB,LV,22.94,LV_DEN,4573,,18.50
549,40666,1e6c1508-8155-48e7-a6d3-c49e36bfd8c3,86,Derek Carr,7200,QB,OAK,14.56,DEN_OAK,817,,13.10
550,41026,de16eb72-443e-4482-bc0f-f2ef6ac7d5f5,88,Derek Carr,7200,QB,OAK,11.58,OAK_KC,822,,15.10
551,12618,40932-45859,20,Derek Carr,7200,QB,OAK,11.58,OAK_KC,4990,3.60,15.10
552,46207,52101-45859,101,Derek Carr,7200,QB,LV,32.74,LV_NYJ,4619,18.72,18.80
553,42203,51435-64051,93,Drew Lock,7200,QB,DEN,30.22,DEN_ATL,863,0.70,16.90
554,30715,51377-64051,73,Drew Lock,7200,QB,DEN,30.22,DEN_ATL,4669,,16.90
555,24691,50946-61798,67,Gardner Minshew II,7200,QB,JAC,18.62,DET_JAC,4699,,20.00
556,28492,51091-61798,69,Gardner Minshew II,7200,QB,JAC,19.02,JAC_LAC,4692,18.22,19.20
557,15921,50700-61798,26,Gardner Minshew II,7200,QB,JAC,19.84,JAC_HOU,4713,3.60,19.30
558,43569,50816-61798,96,Gardner Minshew II,7200,QB,JAC,19.84,JAC_HOU,883,19.30,19.30
559,12617,40932-30231,20,Jacoby Brissett,7200,QB,IND,14.66,TEN_IND,4989,2.00,15.90
560,4068,50179-38435,5,Jared Goff,7200,QB,LAR,28.24,LAR_BUF,4735,16.90,16.90
561,46206,52101-38435,101,Jared Goff,7200,QB,LAR,24.14,LAR_ARI,4623,18.46,18.20
562,40846,dd11ebc2-e5d6-4c1f-acb8-59ecbfa36be8,87,Jimmy Garoppolo,7200,QB,SF,11.44,SF_TB,820,,18.00
563,5368,38547-54604,7,Jimmy Garoppolo,7200,QB,SF,11.38,PIT_SF,5108,3.00,17.70
564,9501,39142-54604,14,Jimmy Garoppolo,7200,QB,SF,13.12,SF_LAR,5068,1.60,16.00
565,7144,37435-54604,10,Jimmy Garoppolo,7200,QB,SF,11.44,SF_TB,5131,0.02,18.00
566,52422,62415-63336,114,Joe Burrow,7200,QB,CIN,18.64,MIN_CIN,5415,0.00,18.20
567,33134,51566-63336,80,Joe Burrow,7200,QB,CIN,12.52,CIN_PIT,4658,,18.40
568,4069,50179-69189,5,Justin Herbert,7200,QB,LAC,15.70,CAR_LAC,4731,16.00,16.00
569,48681,52491-22038,105,Kirk Cousins,7200,QB,MIN,20.34,CHI_MIN,4598,2.00,17.60
570,875,47691-22038,1,Kirk Cousins,7200,QB,MIN,22.76,GB_MIN,4759,2.70,16.70
571,52421,62415-22038,114,Kirk Cousins,7200,QB,MIN,22.04,MIN_CIN,5415,0.00,18.10
572,5369,38547-22038,7,Kirk Cousins,7200,QB,MIN,12.56,OAK_MIN,5097,2.50,16.70
573,11704,40387-53095,19,Kyle Allen,7200,QB,CAR,9.70,ATL_CAR,5015,9.80,17.50
574,12619,40932-53095,20,Kyle Allen,7200,QB,CAR,24.32,WAS_CAR,4991,1.60,15.30
575,5370,38547-63484,7,Kyler Murray,7200,QB,ARI,19.82,CAR_ARI,5105,9.00,20.30
576,29629,51232-6654,71,Matthew Stafford,7200,QB,DET,23.44,IND_DET,4674,17.40,17.40
577,15264,50456-6654,8,Matthew Stafford,7200,QB,DET,23.34,NO_DET,4720,4.50,19.00
578,43996,49892-6654,97,Matthew Stafford,7200,QB,DET,17.16,DET_GB,893,17.20,17.10
579,42680,51273-6654,94,Matthew Stafford,7200,QB,DET,23.44,IND_DET,868,17.40,17.40
580,1591,49877-6654,2,Matthew Stafford,7200,QB,DET,17.16,DET_GB,4740,1.60,17.10
581,47369,52276-6654,103,Matthew Stafford,7200,QB,DET,14.36,GB_DET,4605,17.90,17.90
582,50416,52913-6654,108,Matthew Stafford,7200,QB,DET,23.62,MIN_DET,4568,,17.40
583,43997,49892-38628,97,Mitchell Trubisky,7200,QB,CHI,15.20,NYG_CHI,895,24.30,16.50
584,49788,52696-38628,107,Mitchell Trubisky,7200,QB,CHI,24.60,CHI_JAC,4583,9.50,19.20
585,1593,49877-38628,2,Mitchell Trubisky,7200,QB,CHI,15.20,NYG_CHI,4739,1.90,16.50
586,12156,40664-22027,22,Nick Foles,7200,QB,JAC,14.88,JAC_TEN,5005,1.70,15.50
587,10877,39835-7968,17,Philip Rivers,7200,QB,LAC,11.76,GB_LAC,5037,2.80,17.00
588,55705,64897-21948,119,Ryan Tannehill,7200,QB,TEN,13.98,TEN_JAC,5750,0.00,19.40
589,11291,40116-21948,18,Ryan Tannehill,7200,QB,TEN,18.94,KC_TEN,5020,2.30,16.90
590,11290,40116-63589,18,Sam Darnold,7200,QB,NYJ,21.70,NYG_NYJ,5023,0.50,14.90
591,14651,41992-63589,21,Sam Darnold,7200,QB,NYJ,10.76,NYJ_BUF,4936,0.00,13.90
592,8993,38945-33259,13,Teddy Bridgewater,7200,QB,NO,28.26,TB_NO,5078,0.80,15.30
593,50422,52913-14225,108,Andy Dalton,7100,QB,DAL,13.52,DAL_NYG,4579,,16.90
594,7870,38387-14225,11,Andy Dalton,7100,QB,CIN,19.64,SF_CIN,5116,16.46,16.50
595,14173,41710-14225,25,Andy Dalton,7100,QB,CIN,33.84,CIN_MIA,4951,0.00,16.90
596,5375,38547-14225,7,Andy Dalton,7100,QB,CIN,18.10,CIN_BUF,5098,0.40,14.20
597,54873,63955-41535,118,Baker Mayfield,7100,QB,CLE,18.52,HOU_CLE,5577,0.00,18.50
598,4071,50179-41535,5,Baker Mayfield,7100,QB,CLE,14.34,WAS_CLE,4732,16.20,16.20
599,46210,52101-41535,101,Baker Mayfield,7100,QB,CLE,28.96,CLE_TEN,4621,15.48,16.90
600,11294,40116-41535,18,Baker Mayfield,7100,QB,CLE,17.62,BUF_CLE,5021,0.40,13.80
601,52424,62415-41535,114,Baker Mayfield,7100,QB,CLE,13.64,CLE_KC,5421,0.00,17.70
602,42682,51273-6589,94,Ben Roethlisberger,7100,QB,PIT,15.28,PIT_BAL,864,17.10,16.20
603,29631,51232-6589,71,Ben Roethlisberger,7100,QB,PIT,15.28,PIT_BAL,4680,17.10,17.10
604,52423,62415-6589,114,Ben Roethlisberger,7100,QB,PIT,12.02,PIT_BUF,5416,0.00,16.00
605,11295,40116-7872,18,Brian Hoyer,7100,QB,IND,9.16,MIA_IND,5027,2.50,16.20
606,55708,64897-45859,119,Derek Carr,7100,QB,LV,8.24,CHI_LV,5753,0.00,18.60
607,881,47691-45859,1,Derek Carr,7100,QB,LV,13.56,LV_CAR,4754,4.20,17.00
608,47374,52276-45859,103,Derek Carr,7100,QB,LV,25.84,IND_LV,4614,17.50,17.50
609,14656,41992-64051,21,Drew Lock,7100,QB,DEN,11.98,OAK_DEN,4934,0.00,14.80
610,33138,51566-64051,80,Drew Lock,7100,QB,DEN,10.98,DEN_LV,4656,,17.80
611,55710,64897-38435,119,Jared Goff,7100,QB,DET,7.12,DET_MIN,5752,0.00,16.70
612,1596,49877-54604,2,Jimmy Garoppolo,7100,QB,SF,13.24,SF_NYJ,4743,0.20,15.90
613,43999,49892-54604,97,Jimmy Garoppolo,7100,QB,SF,13.24,SF_NYJ,890,19.30,15.90
614,28496,51091-63336,69,Joe Burrow,7100,QB,CIN,34.64,CLE_CIN,4687,18.91,19.40
615,54875,63955-63336,118,Joe Burrow,7100,QB,CIN,13.28,CIN_CHI,5578,0.00,17.40
616,24696,50946-63336,67,Joe Burrow,7100,QB,CIN,17.72,CIN_IND,4696,,16.80
617,43157,51126-63336,95,Joe Burrow,7100,QB,CIN,34.64,CLE_CIN,877,18.91,19.40
618,30718,51377-22038,73,Kirk Cousins,7100,QB,MIN,20.80,DET_MIN,4665,,18.40
619,45734,2079626b-81d6-494f-8336-015de29fa7eb,100,Kirk Cousins,7100,QB,MIN,26.18,CAR_MIN,920,17.40,17.80
620,4073,50179-22038,5,Kirk Cousins,7100,QB,MIN,21.44,TEN_MIN,4727,15.90,15.90
621,44611,51892-22038,98,Kirk Cousins,7100,QB,MIN,26.18,CAR_MIN,4635,17.40,17.80
622,42684,51273-22038,94,Kirk Cousins,7100,QB,MIN,10.40,MIN_GB,867,17.40,15.50
623,24693,50946-22038,67,Kirk Cousins,7100,QB,MIN,26.72,ATL_MIN,4697,,20.00
624,29633,51232-22038,71,Kirk Cousins,7100,QB,MIN,10.40,MIN_GB,4677,17.40,17.40
625,42206,51435-22038,93,Kirk Cousins,7100,QB,MIN,20.80,DET_MIN,858,2.50,18.40
626,35909,51732-22038,90,Kirk Cousins,7100,QB,MIN,22.96,DAL_MIN,4645,16.07,17.10
627,13094,41210-53095,24,Kyle Allen,7100,QB,CAR,20.12,CAR_ATL,4976,3.50,16.50
628,15267,50456-22027,8,Nick Foles,7100,QB,CHI,12.86,IND_CHI,4724,0.50,14.40
629,1597,49877-7968,2,Philip Rivers,7100,QB,IND,11.86,MIN_IND,4750,4.90,16.60
630,880,47691-7968,1,Philip Rivers,7100,QB,IND,16.82,IND_JAC,4753,4.60,16.90
631,48684,52491-7968,105,Philip Rivers,7100,QB,IND,17.02,HOU_IND,4597,5.30,18.80
632,44001,49892-7968,97,Philip Rivers,7100,QB,IND,11.86,MIN_IND,892,16.80,16.60
633,11293,40116-7659,18,Ryan Fitzpatrick,7100,QB,MIA,14.06,MIA_IND,5027,0.50,14.40
634,40299,50717-7659,84,Ryan Fitzpatrick,7100,QB,MIA,27.60,MIA_SF,809,17.40,17.40
635,12621,40932-7659,20,Ryan Fitzpatrick,7100,QB,MIA,27.80,PHI_MIA,4993,2.20,15.50
636,15923,50700-7659,26,Ryan Fitzpatrick,7100,QB,MIA,27.60,MIA_SF,4709,0.80,17.40
637,12159,40664-7659,22,Ryan Fitzpatrick,7100,QB,MIA,25.06,MIA_CLE,4998,1.30,15.10
638,15266,50456-7659,8,Ryan Fitzpatrick,7100,QB,MIA,23.30,SEA_MIA,4723,9.20,18.80
639,11705,40387-7659,19,Ryan Fitzpatrick,7100,QB,MIA,12.92,BUF_MIA,5013,0.20,13.10
640,10879,39835-21948,17,Ryan Tannehill,7100,QB,TEN,25.04,TEN_CAR,5031,1.20,14.20
641,12158,40664-21948,22,Ryan Tannehill,7100,QB,TEN,32.36,JAC_TEN,5005,1.70,15.70
642,15924,50700-33259,26,Teddy Bridgewater,7100,QB,CAR,20.82,CAR_ATL,4707,10.60,19.40
643,43571,50816-33259,96,Teddy Bridgewater,7100,QB,CAR,20.82,CAR_ATL,885,19.40,19.40
644,49789,52696-33259,107,Teddy Bridgewater,7100,QB,CAR,9.58,CAR_WAS,4585,1.10,17.40
645,9508,39142-14225,14,Andy Dalton,7000,QB,CIN,14.60,CIN_BAL,5066,0.50,15.80
646,13099,41210-14225,24,Andy Dalton,7000,QB,CIN,10.58,CIN_CLE,4981,0.40,14.90
647,24699,50946-41535,67,Baker Mayfield,7000,QB,CLE,7.26,CLE_PIT,4700,,16.10
648,35911,51732-41535,90,Baker Mayfield,7000,QB,CLE,7.06,PHI_CLE,4641,15.53,14.70
649,50424,52913-41535,108,Baker Mayfield,7000,QB,CLE,16.24,PIT_CLE,4581,,17.10
650,33143,51566-41535,80,Baker Mayfield,7000,QB,CLE,5.38,HOU_CLE,4653,,16.40
651,41776,51754-41535,92,Baker Mayfield,7000,QB,CLE,7.06,PHI_CLE,853,15.53,14.70
652,43159,51126-41535,95,Baker Mayfield,7000,QB,CLE,30.78,CLE_CIN,877,17.18,16.70
653,28499,51091-41535,69,Baker Mayfield,7000,QB,CLE,30.78,CLE_CIN,4687,17.18,16.70
654,883,47691-41535,1,Baker Mayfield,7000,QB,CLE,10.86,CLE_BAL,4751,0.70,15.10
655,15271,50456-41535,8,Baker Mayfield,7000,QB,CLE,15.20,CLE_DAL,4716,3.00,17.80
656,24700,50946-70324,67,Carson Wentz,7000,QB,PHI,29.42,BAL_PHI,4701,,16.20
657,11707,40387-70324,19,Carson Wentz,7000,QB,PHI,12.26,NE_PHI,5017,0.60,14.80
658,10394,39577-63519,16,Daniel Jones,7000,QB,NYG,28.18,NYG_DET,5042,4.10,17.00
659,50423,52913-63519,108,Daniel Jones,7000,QB,NYG,15.86,DAL_NYG,4579,,15.80
660,15927,50700-63519,26,Daniel Jones,7000,QB,NYG,8.18,NYG_DAL,4705,4.20,18.20
661,40300,50717-63519,84,Daniel Jones,7000,QB,NYG,8.18,NYG_DAL,810,18.20,18.20
662,8996,38945-63519,13,Daniel Jones,7000,QB,NYG,11.48,MIN_NYG,5073,1.50,16.20
663,30723,51377-45859,73,Derek Carr,7000,QB,LV,14.00,LV_LAC,4666,,18.90
664,39782,134a25ba-861a-4b19-a602-f6eed9e0e634,89,Derek Carr,7000,QB,LV,14.00,LV_LAC,824,2.60,18.90
665,13098,41210-45859,24,Derek Carr,7000,QB,OAK,20.22,TEN_OAK,4984,2.20,15.70
666,13097,41210-95893,24,Devlin Hodges,7000,QB,PIT,13.48,PIT_ARI,4983,0.70,15.10
667,29635,51232-64051,71,Drew Lock,7000,QB,DEN,20.82,LAC_DEN,4681,13.80,13.80
668,39952,5b79b714-09a6-46a1-9840-47a522a66376,85,Drew Lock,7000,QB,DEN,20.82,LAC_DEN,812,14.61,13.90
669,14175,41710-73183,25,Dwayne Haskins Jr.,7000,QB,WAS,13.32,NYG_WAS,4955,0.00,14.20
670,44003,49892-61798,97,Gardner Minshew II,7000,QB,JAC,25.46,JAC_TEN,886,20.80,16.00
671,1599,49877-61798,2,Gardner Minshew II,7000,QB,JAC,25.46,JAC_TEN,4738,0.90,16.00
672,55712,64897-24849,119,Jameis Winston,7000,QB,NO,26.76,NO_WAS,5747,0.00,15.80
673,44618,51892-38435,98,Jared Goff,7000,QB,LAR,5.02,SF_LAR,4632,18.70,18.40
674,51663,53152-38435,110,Jared Goff,7000,QB,LAR,10.60,LAR_SEA,1067,,14.10
675,7871,38387-54604,11,Jimmy Garoppolo,7000,QB,SF,23.64,SF_CIN,5116,17.84,16.70
676,55715,64897-63336,119,Joe Burrow,7000,QB,CIN,20.34,GB_CIN,5746,0.00,19.20
677,40669,3ac1ada6-65f7-40b1-b63b-345ae5dcc802,86,Joe Flacco,7000,QB,DEN,14.82,DEN_OAK,817,,14.30
678,9507,39142-22038,14,Kirk Cousins,7000,QB,MIN,28.32,PHI_MIN,5062,2.70,15.90
679,13649,41460-53095,23,Kyle Allen,7000,QB,CAR,14.58,SEA_CAR,4967,2.00,16.70
680,11300,40116-53095,18,Kyle Allen,7000,QB,CAR,14.48,CAR_GB,5024,1.40,15.30
681,7872,38387-6654,11,Matthew Stafford,7000,QB,DET,17.10,LAC_DET,5113,17.25,16.10
682,12164,40664-38628,22,Mitchell Trubisky,7000,QB,CHI,20.92,NYG_CHI,4999,0.30,13.80
683,48687,52491-38628,105,Mitchell Trubisky,7000,QB,CHI,14.48,CHI_MIN,4598,3.50,17.50
684,11706,40387-22027,19,Nick Foles,7000,QB,JAC,18.84,JAC_IND,5014,1.80,15.20
685,47380,52276-7968,103,Philip Rivers,7000,QB,IND,17.76,IND_LV,4614,17.90,17.90
686,35913,51732-7968,90,Philip Rivers,7000,QB,IND,22.42,GB_IND,4643,18.34,17.00
687,49794,52696-7968,107,Philip Rivers,7000,QB,IND,11.80,IND_PIT,4587,2.40,16.20
688,4079,50179-7968,5,Philip Rivers,7000,QB,IND,12.68,NYJ_IND,4729,17.00,17.00
689,46216,52101-7968,101,Philip Rivers,7000,QB,IND,19.20,IND_HOU,4620,18.09,18.50
690,14659,41992-21941,21,Robert Griffin III,7000,QB,BAL,7.84,PIT_BAL,4942,0.00,12.80
691,10881,39835-7659,17,Ryan Fitzpatrick,7000,QB,MIA,23.72,NYJ_MIA,5029,1.20,13.10
692,1600,49877-21948,2,Ryan Tannehill,7000,QB,TEN,26.76,JAC_TEN,4738,3.70,16.80
693,44004,49892-21948,97,Ryan Tannehill,7000,QB,TEN,26.76,JAC_TEN,886,19.40,16.80
694,47376,52276-63589,103,Sam Darnold,7000,QB,NYJ,5.58,NYJ_SEA,4611,14.20,14.20
695,9932,39367-33259,15,Teddy Bridgewater,7000,QB,NO,19.94,NO_CHI,5061,0.10,12.50
696,33142,51566-33259,80,Teddy Bridgewater,7000,QB,CAR,20.04,TB_CAR,4650,,17.80
697,45737,035b77bb-91d1-4f94-b21d-7894e70941d6,100,Teddy Bridgewater,7000,QB,CAR,14.88,CAR_MIN,920,18.61,17.80
698,54878,63955-33259,118,Teddy Bridgewater,7000,QB,DEN,21.22,DEN_JAC,5575,0.00,17.50
699,44617,51892-33259,98,Teddy Bridgewater,7000,QB,CAR,14.88,CAR_MIN,4635,18.61,17.80
700,47378,52276-33259,103,Teddy Bridgewater,7000,QB,CAR,20.42,DEN_CAR,4610,17.20,17.20
701,882,47691-14377,1,Tyrod Taylor,7000,QB,LAC,9.02,LAC_CIN,4760,4.90,17.10
702,40124,0c72741c-bd5f-4a8e-9402-e48a01f188a9,82,Tyrod Taylor,7000,QB,LAC,9.02,LAC_CIN,803,19.48,17.10
703,14664,41992-14225,21,Andy Dalton,6900,QB,CIN,17.60,CLE_CIN,4939,0.00,16.50
704,35917,51732-14225,90,Andy Dalton,6900,QB,DAL,19.82,DAL_MIN,4645,16.58,16.50
705,10404,39577-14225,16,Andy Dalton,6900,QB,CIN,17.66,CIN_LAR,5043,0.90,14.90
706,49798,52696-14225,107,Andy Dalton,6900,QB,DAL,27.58,PHI_DAL,4588,2.10,17.30
707,9936,39367-14225,15,Andy Dalton,6900,QB,CIN,21.34,JAC_CIN,5057,0.80,16.20
708,45740,5e8f4b53-21fa-4257-b6c5-0119f3a0b922,100,Baker Mayfield,6900,QB,CLE,18.42,CLE_JAC,921,17.19,17.80
709,44620,51892-41535,98,Baker Mayfield,6900,QB,CLE,18.42,CLE_JAC,4628,17.19,17.80
710,7876,38387-22994,11,Case Keenum,6900,QB,WAS,16.74,DAL_WAS,5114,15.08,15.00
711,30724,51377-63519,73,Daniel Jones,6900,QB,NYG,12.88,NYG_WAS,4670,,16.80
712,1603,49877-63519,2,Daniel Jones,6900,QB,NYG,8.74,NYG_CHI,4739,1.00,15.00
713,42210,51435-63519,93,Daniel Jones,6900,QB,NYG,12.88,NYG_WAS,856,4.10,16.80
714,44007,49892-63519,97,Daniel Jones,6900,QB,NYG,8.74,NYG_CHI,895,19.40,15.00
715,4080,50179-63519,5,Daniel Jones,6900,QB,NYG,9.06,SF_NYG,4737,16.30,16.30
716,13101,41210-52606,24,David Blough,6900,QB,DET,10.20,DET_MIN,4977,0.10,12.30
717,10401,39577-45859,16,Derek Carr,6900,QB,OAK,23.40,OAK_HOU,5039,2.20,16.20
718,43575,50816-45859,96,Derek Carr,6900,QB,LV,24.98,LV_KC,882,16.50,16.50
719,33147,51566-45859,80,Derek Carr,6900,QB,LV,7.16,DEN_LV,4656,,19.10
720,15933,50700-45859,26,Derek Carr,6900,QB,LV,24.98,LV_KC,4708,1.10,16.50
721,15277,50456-45859,8,Derek Carr,6900,QB,LV,20.44,BUF_LV,4717,1.60,17.30
722,28503,51091-64051,69,Drew Lock,6900,QB,DEN,14.96,KC_DEN,4685,12.85,13.10
723,10398,39577-61798,16,Gardner Minshew II,6900,QB,JAC,23.96,NYJ_JAC,5045,3.30,17.60
724,13654,41460-61798,23,Gardner Minshew II,6900,QB,JAC,18.74,JAC_OAK,4968,3.20,16.40
725,9510,39142-61798,14,Gardner Minshew II,6900,QB,JAC,5.62,NO_JAC,5063,2.80,17.40
726,9935,39367-61798,15,Gardner Minshew II,6900,QB,JAC,21.00,JAC_CIN,5057,3.30,17.80
727,48693,52491-69531,105,Jalen Hurts,6900,QB,PHI,37.82,PHI_ARI,4600,10.00,19.00
728,52431,62415-54604,114,Jimmy Garoppolo,6900,QB,SF,14.76,SF_DET,5418,0.00,17.30
729,7155,37435-62239,10,Josh Allen,6900,QB,BUF,17.96,BUF_NYJ,5128,0.04,17.70
730,8503,38746-22038,12,Kirk Cousins,6900,QB,MIN,7.32,MIN_CHI,5095,0.40,10.60
731,8504,38746-29358,12,Marcus Mariota,6900,QB,TEN,23.28,TEN_ATL,5090,0.90,15.70
732,8998,38945-29358,13,Marcus Mariota,6900,QB,TEN,8.62,BUF_TEN,5076,0.30,14.90
733,8502,38746-6654,12,Matthew Stafford,6900,QB,DET,23.44,KC_DET,5086,6.70,18.50
734,5383,38547-6654,7,Matthew Stafford,6900,QB,DET,12.14,DET_PHI,5101,2.80,17.50
735,888,47691-38628,1,Mitchell Trubisky,6900,QB,CHI,24.28,CHI_DET,4756,3.30,17.10
736,46219,52101-38628,101,Mitchell Trubisky,6900,QB,CHI,13.28,DET_CHI,4624,18.63,17.00
737,24705,50946-22027,67,Nick Foles,6900,QB,CHI,17.32,CHI_CAR,4698,,14.90
738,40302,50717-7968,84,Philip Rivers,6900,QB,IND,7.62,IND_CLE,811,16.00,16.00
739,51665,53152-7968,110,Philip Rivers,6900,QB,IND,22.26,IND_BUF,1066,,15.50
740,29639,51232-7968,71,Philip Rivers,6900,QB,IND,22.28,IND_DET,4674,17.10,17.10
741,42689,51273-7968,94,Philip Rivers,6900,QB,IND,22.28,IND_DET,868,17.10,17.10
742,30726,51377-7968,73,Philip Rivers,6900,QB,IND,8.08,BAL_IND,4662,,15.70
743,15932,50700-7968,26,Philip Rivers,6900,QB,IND,7.62,IND_CLE,4711,1.20,16.00
744,42212,51435-7968,93,Philip Rivers,6900,QB,IND,8.08,BAL_IND,861,0.40,15.70
745,10400,39577-21948,16,Ryan Tannehill,6900,QB,TEN,19.42,TB_TEN,5041,2.20,17.10
746,50428,52913-33259,108,Teddy Bridgewater,6900,QB,CAR,5.74,NO_CAR,4580,,16.50
747,44009,49892-33259,97,Teddy Bridgewater,6900,QB,CAR,10.68,CAR_TB,887,19.40,15.50
748,24704,50946-33259,67,Teddy Bridgewater,6900,QB,CAR,11.44,CHI_CAR,4698,,18.30
749,1606,49877-33259,2,Teddy Bridgewater,6900,QB,CAR,10.68,CAR_TB,4741,0.70,15.50
750,54881,63955-89951,118,Trevor Lawrence,6900,QB,JAC,8.82,DEN_JAC,5575,0.00,16.80
751,55716,64897-149696,119,Trey Lance,6900,QB,SF,15.58,SF_ARI,5755,0.00,19.80
752,47389,52276-14225,103,Andy Dalton,6800,QB,DAL,15.30,DAL_CIN,4609,16.70,16.70
753,55721,64897-41535,119,Baker Mayfield,6800,QB,CLE,23.00,CLE_LAC,5754,0.00,16.60
754,15935,50700-41535,26,Baker Mayfield,6800,QB,CLE,17.58,IND_CLE,4711,0.90,14.80
755,40303,50717-41535,84,Baker Mayfield,6800,QB,CLE,17.58,IND_CLE,811,14.80,14.80
756,11711,40387-31170,19,Brandon Allen,6800,QB,DEN,14.40,DEN_MIN,5011,0.10,10.80
757,14666,41992-22994,21,Case Keenum,6800,QB,WAS,11.24,WAS_DAL,4947,0.00,12.00
758,8509,38746-45859,12,Derek Carr,6800,QB,OAK,13.46,OAK_IND,5087,0.50,14.00
759,4088,50179-45859,5,Derek Carr,6800,QB,LV,15.44,LV_NE,4733,15.30,15.30
760,12632,40932-95893,20,Devlin Hodges,6800,QB,PIT,11.68,CLE_PIT,4995,0.20,13.10
761,35920,51732-64051,90,Drew Lock,6800,QB,DEN,12.10,MIA_DEN,4647,15.65,14.00
762,13103,41210-64051,24,Drew Lock,6800,QB,DEN,24.86,DEN_HOU,4978,0.10,12.20
763,49803,52696-64051,107,Drew Lock,6800,QB,DEN,16.06,DEN_LAC,4584,1.20,16.50
764,50435,52913-64051,108,Drew Lock,6800,QB,DEN,24.26,LV_DEN,4573,,16.46
765,13662,41460-6826,23,Eli Manning,6800,QB,NYG,16.32,MIA_NYG,4964,6.90,16.50
766,14183,41710-61798,25,Gardner Minshew II,6800,QB,JAC,14.84,JAC_ATL,4953,0.00,16.50
767,5388,38547-30231,7,Jacoby Brissett,6800,QB,IND,20.80,ATL_IND,5100,3.70,17.20
768,15280,50456-22038,8,Kirk Cousins,6800,QB,MIN,14.90,MIN_HOU,4722,1.80,17.40
769,9006,38945-22038,13,Kirk Cousins,6800,QB,MIN,20.54,MIN_NYG,5073,2.00,16.20
770,10888,39835-53095,17,Kyle Allen,6800,QB,CAR,15.88,TEN_CAR,5031,2.60,14.10
771,54883,63955-90584,118,Mac Jones,6800,QB,NE,7.44,NE_NYJ,5583,0.00,16.70
772,11306,40116-53729,18,Mason Rudolph,6800,QB,PIT,13.58,LAR_PIT,5028,0.50,13.30
773,10887,39835-53729,17,Mason Rudolph,6800,QB,PIT,11.14,IND_PIT,5034,0.60,14.80
774,46224,52101-6654,101,Matthew Stafford,6800,QB,DET,27.08,DET_CHI,4624,15.42,15.60
775,46225,52101-25410,101,Mike Glennon,6800,QB,JAC,14.10,JAC_MIN,4618,14.84,14.30
776,47388,52276-38628,103,Mitchell Trubisky,6800,QB,CHI,24.98,HOU_CHI,4603,17.60,17.60
777,7881,38387-38628,11,Mitchell Trubisky,6800,QB,CHI,5.60,CHI_DEN,5120,17.76,15.30
778,9941,39367-38628,15,Mitchell Trubisky,6800,QB,CHI,20.04,NO_CHI,5061,0.20,14.00
779,42215,51435-22027,93,Nick Foles,6800,QB,CHI,21.60,CHI_TEN,857,0.60,16.00
780,30729,51377-22027,73,Nick Foles,6800,QB,CHI,21.60,CHI_TEN,4664,,16.00
781,48701,52491-41562,105,Nick Mullens,6800,QB,SF,13.46,SF_DAL,4595,2.70,14.70
782,44625,51892-7968,98,Philip Rivers,6800,QB,IND,18.80,TEN_IND,4629,18.12,18.00
783,45744,67393216-fb0b-45e9-af56-85b246a7c305,100,Philip Rivers,6800,QB,IND,18.80,TEN_IND,922,18.12,18.00
784,24712,50946-7968,67,Philip Rivers,6800,QB,IND,25.74,CIN_IND,4696,,16.00
785,889,47691-63589,1,Sam Darnold,6800,QB,NYJ,12.20,NYJ_BUF,4755,0.20,12.40
786,5387,38547-33259,7,Teddy Bridgewater,6800,QB,NO,16.28,NO_SEA,5107,0.60,12.90
787,15279,50456-33259,8,Teddy Bridgewater,6800,QB,CAR,27.24,ARI_CAR,4719,1.80,17.60
788,893,47691-33259,1,Teddy Bridgewater,6800,QB,CAR,19.40,LV_CAR,4754,4.70,16.80
789,28505,51091-33259,69,Teddy Bridgewater,6800,QB,CAR,19.16,CAR_NO,4688,18.96,18.30
790,43162,51126-33259,95,Teddy Bridgewater,6800,QB,CAR,19.16,CAR_NO,875,18.96,18.30
791,53076,62415-89951,114,Trevor Lawrence,6800,QB,JAC,22.08,JAC_HOU,5414,0.00,18.70
792,33150,51566-90572,80,Tua Tagovailoa,6800,QB,MIA,14.66,LAC_MIA,4659,,19.30
793,50433,52913-90572,108,Tua Tagovailoa,6800,QB,MIA,18.24,MIA_BUF,4567,,15.90
794,42691,51273-90572,94,Tua Tagovailoa,6800,QB,MIA,5.72,LAR_MIA,865,15.80,15.70
795,29641,51232-90572,71,Tua Tagovailoa,6800,QB,MIA,5.72,LAR_MIA,4673,15.80,15.80
796,48699,52491-90572,105,Tua Tagovailoa,6800,QB,MIA,19.70,NE_MIA,4601,1.70,15.00
797,52432,62415-14377,114,Tyrod Taylor,6800,QB,HOU,23.64,JAC_HOU,5414,0.00,16.50
798,54882,63955-14377,118,Tyrod Taylor,6800,QB,HOU,16.50,HOU_CLE,5577,0.00,16.20
799,48705,52491-14225,105,Andy Dalton,6700,QB,DAL,17.16,SF_DAL,4595,1.20,15.60
800,54888,63955-70324,118,Carson Wentz,6700,QB,IND,18.58,LAR_IND,5581,0.00,16.60
801,33151,51566-63519,80,Daniel Jones,6700,QB,NYG,22.16,PHI_NYG,4657,,17.60
802,52435,62415-63519,114,Daniel Jones,6700,QB,NYG,21.38,DEN_NYG,5423,0.00,16.00
803,24713,50946-63519,67,Daniel Jones,6700,QB,NYG,14.88,WAS_NYG,4695,,18.40
804,5393,38547-45859,7,Derek Carr,6700,QB,OAK,16.68,OAK_MIN,5097,0.30,12.60
805,24715,50946-64051,67,Drew Lock,6700,QB,DEN,5.46,DEN_NE,4702,,12.40
806,47391,52276-64051,103,Drew Lock,6700,QB,DEN,25.60,DEN_CAR,4610,15.50,15.50
807,12173,40664-73183,22,Dwayne Haskins Jr.,6700,QB,WAS,6.04,DET_WAS,5002,0.10,13.30
808,14673,41992-61798,21,Gardner Minshew II,6700,QB,JAC,25.50,IND_JAC,4937,0.00,16.10
809,8512,38746-61798,12,Gardner Minshew II,6700,QB,JAC,16.72,JAC_DEN,5094,0.50,15.50
810,895,47691-61798,1,Gardner Minshew II,6700,QB,JAC,20.82,IND_JAC,4753,2.00,16.90
811,33152,51566-52929,80,Jake Luton,6700,QB,JAC,9.76,JAC_GB,4655,,13.80
812,52436,62415-24849,114,Jameis Winston,6700,QB,NO,29.62,GB_NO,5422,0.00,17.00
813,51858,53389-38435,111,Jared Goff,6700,QB,LAR,13.56,LAR_GB,4563,6.10,14.30
814,11715,40387-30253,19,Jeff Driskel,6700,QB,DET,27.46,DAL_DET,5008,1.20,14.90
815,15285,50456-69189,8,Justin Herbert,6700,QB,LAC,24.00,LAC_TB,4715,0.10,13.90
816,43165,51126-53095,95,Kyle Allen,6700,QB,WAS,16.86,DAL_WAS,873,15.11,17.10
817,28509,51091-53095,69,Kyle Allen,6700,QB,WAS,16.86,DAL_WAS,4690,15.11,17.10
818,55723,64897-90584,119,Mac Jones,6700,QB,NE,12.54,NE_HOU,5745,0.00,16.60
819,54886,63955-6616,118,Matt Ryan,6700,QB,ATL,19.30,ATL_TB,5585,0.00,16.90
820,50443,52913-25410,108,Mike Glennon,6700,QB,JAC,16.64,JAC_IND,4576,,13.20
821,10410,39577-38628,16,Mitchell Trubisky,6700,QB,CHI,8.12,LAC_CHI,5047,0.10,14.00
822,39955,c4d3bb90-f2e5-4677-a970-f977cc50229e,85,Nick Foles,6700,QB,CHI,17.88,NO_CHI,814,14.96,14.40
823,29644,51232-22027,71,Nick Foles,6700,QB,CHI,17.88,NO_CHI,4678,15.20,15.20
824,47392,52276-41562,103,Nick Mullens,6700,QB,SF,13.40,WAS_SF,4612,15.20,15.20
825,15286,50456-7968,8,Philip Rivers,6700,QB,IND,11.20,IND_CHI,4724,0.20,15.30
826,49806,52696-63589,107,Sam Darnold,6700,QB,NYJ,17.00,CLE_NYJ,4590,1.20,15.90
827,7161,37435-63589,10,Sam Darnold,6700,QB,NYJ,13.00,BUF_NYJ,5128,0.01,14.40
828,9514,39142-63589,14,Sam Darnold,6700,QB,NYJ,20.62,DAL_NYJ,5071,0.30,12.70
829,4091,50179-33259,5,Teddy Bridgewater,6700,QB,CAR,14.60,CAR_LAC,4731,14.20,14.20
830,35922,51732-90572,90,Tua Tagovailoa,6700,QB,MIA,7.32,MIA_DEN,4647,19.68,17.30
831,46226,52101-90572,101,Tua Tagovailoa,6700,QB,MIA,16.14,CIN_MIA,4617,17.75,16.90
832,30733,51377-90572,73,Tua Tagovailoa,6700,QB,MIA,21.42,MIA_ARI,4663,,15.90
833,39785,a8afa99b-69f7-488f-bbe5-15f4af9e8b72,89,Tua Tagovailoa,6700,QB,MIA,21.42,MIA_ARI,826,3.00,15.90
834,35928,51732-8005,90,Alex Smith,6600,QB,WAS,9.34,CIN_WAS,4644,17.83,17.10
835,41785,51754-8005,92,Alex Smith,6600,QB,WAS,9.34,CIN_WAS,849,17.83,17.10
836,55726,64897-6589,119,Ben Roethlisberger,6600,QB,PIT,16.02,DEN_PIT,5751,0.00,13.20
837,49812,52696-31170,107,Brandon Allen,6600,QB,CIN,23.14,CIN_HOU,4591,0.80,13.30
838,50447,52913-27986,108,C.J. Beathard,6600,QB,SF,13.92,SEA_SF,4571,,14.20
839,15288,50456-63519,8,Daniel Jones,6600,QB,NYG,11.10,NYG_LAR,4714,0.50,16.50
840,14188,41710-52606,25,David Blough,6600,QB,DET,8.68,DET_DEN,4952,0.00,11.60
841,14678,41992-52606,21,David Blough,6600,QB,DET,13.38,GB_DET,4945,0.00,11.90
842,9019,38945-45859,13,Derek Carr,6600,QB,OAK,7.96,CHI_OAK,5077,0.10,11.90
843,7888,38387-45859,11,Derek Carr,6600,QB,OAK,11.72,KC_OAK,5119,17.60,17.40
844,4098,50179-73183,5,Dwayne Haskins Jr.,6600,QB,WAS,12.16,WAS_CLE,4732,13.90,13.90
845,13667,41460-73183,23,Dwayne Haskins Jr.,6600,QB,WAS,19.04,PHI_WAS,4965,0.10,11.40
846,48708,52491-61798,105,Gardner Minshew II,6600,QB,JAC,15.94,JAC_BAL,4602,0.90,15.70
847,13114,41210-61798,24,Gardner Minshew II,6600,QB,JAC,13.58,LAC_JAC,4982,3.20,15.90
848,9015,38945-61798,13,Gardner Minshew II,6600,QB,JAC,21.16,JAC_CAR,5075,1.20,15.40
849,47405,52276-69531,103,Jalen Hurts,6600,QB,PHI,19.28,NO_PHI,4615,16.90,16.90
850,54896,63955-54604,118,Jimmy Garoppolo,6600,QB,SF,19.56,SF_PHI,5579,0.00,16.50
851,28510,51091-54604,69,Jimmy Garoppolo,6600,QB,SF,9.48,SF_NE,4686,15.81,17.10
852,40127,aab3fdf6-6eb7-4209-a013-6c44d4658e08,82,Joe Burrow,6600,QB,CIN,17.32,LAC_CIN,803,16.45,17.10
853,903,47691-63336,1,Joe Burrow,6600,QB,CIN,17.32,LAC_CIN,4760,1.70,17.10
854,9522,39142-6714,14,Joe Flacco,6600,QB,DEN,5.98,TEN_DEN,5070,0.10,13.10
855,9017,38945-6714,13,Joe Flacco,6600,QB,DEN,8.98,DEN_LAC,5082,1.20,14.80
856,12177,40664-53095,22,Kyle Allen,6600,QB,CAR,23.14,CAR_NO,5000,1.90,13.50
857,5396,38547-53729,7,Mason Rudolph,6600,QB,PIT,15.46,PIT_SF,5108,1.40,15.70
858,7164,37435-6654,10,Matthew Stafford,6600,QB,DET,27.60,DET_ARI,5133,0.02,16.80
859,40850,dc211337-a60e-49fa-88b9-a306b1ecf271,87,Matthew Stafford,6600,QB,DET,27.60,DET_ARI,818,,16.80
860,44632,51892-41562,98,Nick Mullens,6600,QB,SF,9.08,SF_LAR,4632,14.67,13.10
861,33156,51566-41562,80,Nick Mullens,6600,QB,SF,12.18,SF_NO,4652,,14.20
862,4095,50179-63589,5,Sam Darnold,6600,QB,NYJ,9.72,NYJ_IND,4729,11.60,11.60
863,50445,52913-63589,108,Sam Darnold,6600,QB,NYJ,12.94,NYJ_NE,4569,,15.30
864,54892,63955-63589,118,Sam Darnold,6600,QB,CAR,19.90,NO_CAR,5580,0.00,16.80
865,44018,49892-63589,97,Sam Darnold,6600,QB,NYJ,11.86,SF_NYJ,890,12.20,12.30
866,1617,49877-63589,2,Sam Darnold,6600,QB,NYJ,11.86,SF_NYJ,4743,0.20,12.30
867,48706,52491-63589,105,Sam Darnold,6600,QB,NYJ,14.08,NYJ_LAR,4593,0.20,11.60
868,52443,62415-33259,114,Teddy Bridgewater,6600,QB,DEN,20.46,DEN_NYG,5423,0.00,17.20
869,55727,64897-33259,119,Teddy Bridgewater,6600,QB,DEN,19.62,DEN_PIT,5751,0.00,16.10
870,47400,52276-90572,103,Tua Tagovailoa,6600,QB,MIA,28.04,KC_MIA,4613,15.80,15.90
871,52441,62415-90572,114,Tua Tagovailoa,6600,QB,MIA,17.18,MIA_NE,5424,0.00,16.50
872,33163,51566-8005,80,Alex Smith,6500,QB,WAS,16.00,WAS_DET,4649,,14.90
873,13672,41460-14225,23,Andy Dalton,6500,QB,CIN,6.14,NE_CIN,4961,0.10,11.80
874,7172,37435-14225,10,Andy Dalton,6500,QB,CIN,20.72,CIN_SEA,5129,0.03,13.40
875,54902,63955-14225,118,Andy Dalton,6500,QB,CHI,8.74,CIN_CHI,5578,0.00,14.40
876,52449,62415-70324,114,Carson Wentz,6500,QB,IND,18.34,SEA_IND,5412,0.00,16.60
877,9524,39142-22994,14,Case Keenum,6500,QB,WAS,15.64,WAS_MIA,5065,0.10,15.70
878,9022,38945-8803,13,Chase Daniel,6500,QB,CHI,15.44,CHI_OAK,5077,0.40,15.30
879,46232,52101-11500,101,Colt McCoy,6500,QB,NYG,9.40,NYG_SEA,4625,13.63,12.30
880,49817,52696-63519,107,Daniel Jones,6500,QB,NYG,14.38,NYG_BAL,4582,0.10,13.20
881,9953,39367-45859,15,Derek Carr,6500,QB,OAK,16.72,OAK_GB,5054,0.60,14.70
882,54898,63955-45859,118,Derek Carr,6500,QB,LV,24.18,LV_PIT,5582,0.00,16.50
883,11723,40387-73183,19,Dwayne Haskins Jr.,6500,QB,WAS,18.06,NYJ_WAS,5009,0.30,12.30
884,15293,50456-73183,8,Dwayne Haskins Jr.,6500,QB,WAS,18.86,BAL_WAS,4718,0.10,13.90
885,12643,40932-73183,20,Dwayne Haskins Jr.,6500,QB,WAS,6.48,WAS_CAR,4991,0.10,11.40
886,48713,52491-73183,105,Dwayne Haskins Jr.,6500,QB,WAS,16.60,SEA_WAS,4599,1.60,13.50
887,40497,49893-73183,83,Dwayne Haskins Jr.,6500,QB,WAS,11.72,WAS_ARI,806,,14.80
888,1623,49877-73183,2,Dwayne Haskins Jr.,6500,QB,WAS,11.72,WAS_ARI,4749,1.00,14.80
889,13117,41210-73183,24,Dwayne Haskins Jr.,6500,QB,WAS,9.70,WAS_GB,4973,0.10,10.70
890,904,47691-73183,1,Dwayne Haskins Jr.,6500,QB,WAS,12.82,PHI_WAS,4752,0.70,14.30
891,42221,51435-52929,93,Jake Luton,6500,QB,JAC,22.46,HOU_JAC,860,1.20,15.50
892,30741,51377-52929,73,Jake Luton,6500,QB,JAC,22.46,HOU_JAC,4668,,15.50
893,52450,62415-38435,114,Jared Goff,6500,QB,DET,29.92,SF_DET,5418,0.00,14.40
894,4105,50179-30253,5,Jeff Driskel,6500,QB,DEN,11.44,TB_DEN,4725,13.00,13.00
895,10419,39577-6714,16,Joe Flacco,6500,QB,DEN,7.86,DEN_IND,5049,0.50,13.10
896,24726,50946-6714,67,Joe Flacco,6500,QB,NYJ,6.44,NYJ_MIA,4703,,14.00
897,50453,52913-56192,108,John Wolford,6500,QB,LAR,13.84,ARI_LAR,4575,,15.70
898,9025,38945-53095,13,Kyle Allen,6500,QB,CAR,11.64,JAC_CAR,5075,1.90,15.90
899,7893,38387-63484,11,Kyler Murray,6500,QB,ARI,16.36,ARI_BAL,5111,15.28,17.30
900,7171,37435-29358,10,Marcus Mariota,6500,QB,TEN,24.32,TEN_CLE,5124,0.03,16.10
901,9021,38945-53729,13,Mason Rudolph,6500,QB,PIT,9.24,BAL_PIT,5074,0.30,15.40
902,50451,52913-53729,108,Mason Rudolph,6500,QB,PIT,19.70,PIT_CLE,4581,,12.00
903,10895,39835-6808,17,Matt Moore,6500,QB,KC,15.00,MIN_KC,5032,2.20,16.30
904,49822,52696-25410,107,Mike Glennon,6500,QB,JAC,14.44,CHI_JAC,4583,0.70,12.90
905,10896,39835-38628,17,Mitchell Trubisky,6500,QB,CHI,6.50,CHI_PHI,5033,0.90,14.30
906,11317,40116-38628,18,Mitchell Trubisky,6500,QB,CHI,19.72,DET_CHI,5026,2.30,14.10
907,7170,37435-22027,10,Nick Foles,6500,QB,JAC,7.00,KC_JAC,5125,0.01,17.30
908,4102,50179-41562,5,Nick Mullens,6500,QB,SF,17.72,SF_NYG,4737,16.10,16.10
909,41792,51754-41827,92,P.J. Walker,6500,QB,CAR,12.12,DET_CAR,854,,17.00
910,35937,51732-41827,90,P.J. Walker,6500,QB,CAR,12.12,DET_CAR,4640,,17.50
911,44021,49892-7659,97,Ryan Fitzpatrick,6500,QB,MIA,24.32,BUF_MIA,891,8.40,14.60
912,1624,49877-7659,2,Ryan Fitzpatrick,6500,QB,MIA,24.32,BUF_MIA,4742,0.20,14.60
913,45746,6e3bf55f-be8f-4f53-8e46-8995e0777fdc,100,Sam Darnold,6500,QB,NYJ,6.78,MIA_NYJ,918,14.70,15.50
914,44634,51892-63589,98,Sam Darnold,6500,QB,NYJ,6.78,MIA_NYJ,4633,14.70,15.50
915,46231,52101-63589,101,Sam Darnold,6500,QB,NYJ,21.04,LV_NYJ,4619,14.63,15.30
916,29650,51232-63589,71,Sam Darnold,6500,QB,NYJ,7.42,NYJ_KC,4672,11.50,11.50
917,42695,51273-63589,94,Sam Darnold,6500,QB,NYJ,7.42,NYJ_KC,866,11.50,11.50
918,52447,62415-63589,114,Sam Darnold,6500,QB,CAR,19.06,NYJ_CAR,5420,0.00,17.80
919,55735,64897-89951,119,Trevor Lawrence,6500,QB,JAC,22.72,TEN_JAC,5750,0.00,17.50
920,50466,52913-7844,108,Chad Henne,6400,QB,KC,16.72,LAC_KC,4572,,14.80
921,40854,78cf5d21-8809-4b9a-9202-47beab6bc139,87,Eli Manning,6400,QB,NYG,14.84,NYG_DAL,819,,13.40
922,7174,37435-6826,10,Eli Manning,6400,QB,NYG,14.84,NYG_DAL,5132,0.01,13.40
923,7898,38387-6826,11,Eli Manning,6400,QB,NYG,12.20,BUF_NYG,5117,14.37,11.60
924,7894,38387-61798,11,Gardner Minshew II,6400,QB,JAC,16.12,JAC_HOU,5115,13.55,12.80
925,5406,38547-6714,7,Joe Flacco,6400,QB,DEN,6.02,DEN_GB,5102,0.20,12.20
926,7897,38387-6714,11,Joe Flacco,6400,QB,DEN,16.68,CHI_DEN,5120,13.68,12.10
927,8521,38746-6714,12,Joe Flacco,6400,QB,DEN,23.02,JAC_DEN,5094,0.50,13.60
928,55739,64897-91591,119,Justin Fields,6400,QB,CHI,8.84,CHI_LV,5753,0.00,17.30
929,24731,50946-53095,67,Kyle Allen,6400,QB,WAS,17.00,WAS_NYG,4695,,14.60
930,908,47691-7659,1,Ryan Fitzpatrick,6400,QB,MIA,8.44,MIA_NE,4758,0.80,15.10
931,9956,39367-21948,15,Ryan Tannehill,6400,QB,TEN,20.18,LAC_TEN,5059,0.10,14.20
932,55744,64897-89628,119,Davis Mills,6300,QB,HOU,24.68,NE_HOU,5745,0.00,11.30
933,39794,3cf6f968-8342-4d55-93e0-84b63edc0b58,89,Garrett Gilbert,6300,QB,DAL,15.52,PIT_DAL,825,5.00,13.60
934,30751,51377-32158,73,Garrett Gilbert,6300,QB,DAL,15.52,PIT_DAL,4660,,13.60
935,55743,64897-30231,119,Jacoby Brissett,6300,QB,MIA,16.00,MIA_TB,5748,0.00,15.10
936,11733,40387-46866,19,Ryan Finley,6300,QB,CIN,6.30,CIN_OAK,5018,4.00,14.70
937,11327,40116-46866,18,Ryan Finley,6300,QB,CIN,9.88,BAL_CIN,5022,0.30,13.00
938,12191,40664-46866,22,Ryan Finley,6300,QB,CIN,10.48,PIT_CIN,5004,0.10,11.80
939,7182,37435-22994,10,Case Keenum,6200,QB,WAS,27.20,WAS_PHI,5126,0.01,13.60
940,8533,38746-62364,12,Josh Rosen,6200,QB,MIA,10.20,LAC_MIA,5088,0.10,11.40
941,53081,62415-90584,114,Mac Jones,6200,QB,NE,15.24,MIA_NE,5424,0.00,16.40
942,44651,51892-25410,98,Mike Glennon,6200,QB,JAC,18.00,CLE_JAC,4628,14.32,12.70
943,45758,074a46ab-2776-4edd-9732-0ad47498d5f9,100,Mike Glennon,6200,QB,JAC,18.00,CLE_JAC,921,14.32,12.70
944,35957,51732-6714,90,Joe Flacco,6100,QB,NYJ,15.40,NYJ_LAC,4648,13.10,14.70
945,14719,41992-31047,21,AJ McCarron,6000,QB,HOU,17.90,TEN_HOU,4940,0.00,13.20
946,12708,40932-14225,20,Andy Dalton,6000,QB,CIN,13.32,NYJ_CIN,4988,2.80,15.10
947,45792,d421226f-14c5-4fcf-be20-8e5ed17ac3f0,100,Brandon Allen,6000,QB,CIN,7.14,NYG_CIN,923,10.22,14.60
948,10932,39835-31170,17,Brandon Allen,6000,QB,DEN,17.02,CLE_DEN,5038,0.90,10.80
949,46282,52101-31170,101,Brandon Allen,6000,QB,CIN,9.42,CIN_MIA,4617,12.34,12.80
950,44689,51892-31170,98,Brandon Allen,6000,QB,CIN,7.14,NYG_CIN,4630,10.22,14.60
951,9054,38945-11500,13,Colt McCoy,6000,QB,WAS,5.28,NE_WAS,5079,0.10,11.90
952,5425,38547-63519,7,Daniel Jones,6000,QB,NYG,34.24,NYG_TB,5104,3.00,17.00
953,41053,2a120c2f-976f-4f95-8d61-70f4949ba1b7,88,Drew Lock,6000,QB,DEN,13.86,LAC_DEN,823,,11.90
954,12687,40932-64051,20,Drew Lock,6000,QB,DEN,13.86,LAC_DEN,4996,0.00,11.90
955,7224,37435-30231,10,Jacoby Brissett,6000,QB,IND,16.50,IND_LAC,5130,0.02,15.80
956,7950,38387-30231,11,Jacoby Brissett,6000,QB,IND,17.34,IND_TEN,5110,16.38,15.50
957,43616,50816-6714,96,Joe Flacco,6000,QB,NYJ,13.80,ARI_NYJ,881,14.00,14.00
958,15995,50700-6714,26,Joe Flacco,6000,QB,NYJ,13.80,ARI_NYJ,4712,0.70,14.00
959,5473,38547-62364,7,Josh Rosen,6000,QB,MIA,9.30,MIA_DAL,5096,0.30,10.10
960,5468,38547-53095,7,Kyle Allen,6000,QB,CAR,24.34,CAR_ARI,5105,4.40,16.60
961,16015,50700-53095,26,Kyle Allen,6000,QB,WAS,9.66,LAR_WAS,4710,0.70,14.00
962,43633,50816-53095,96,Kyle Allen,6000,QB,WAS,9.66,LAR_WAS,879,14.00,14.00
963,14214,41710-52342,25,Will Grier,6000,QB,CAR,7.66,CAR_IND,4954,0.00,14.20
